{
  "bids_meta": {
    "modality": "T1w",
    "session_id": "1",
    "subject_id": "control03"
  },
  "cjv": 0.35864190280604885,
  "cnr": 3.6319274862598876,
  "efc": 0.6588927324063347,
  "fber": 14674.7109375,
  "fwhm_avg": 3.8400966666666663,
  "fwhm_x": 4.10145,
  "fwhm_y": 3.83845,
  "fwhm_z": 3.58039,
  "icvs_csf": 0.21402443074101693,
  "icvs_gm": 0.41471627966590396,
  "icvs_wm": 0.3712592895930791,
  "inu_med": 1.0955357551574707,
  "inu_range": 0.4145682960748672,
  "provenance": {
    "md5sum": "01952e955cd594a2f6c6d1e9f7e245e7",
    "mriqc_pred": 0,
    "settings": {
      "testing": false
    },
    "software": "mriqc",
    "version": "0.9.6",
    "warnings": {
      "large_rot_frame": true,
      "small_air_mask": false
    }
  },
  "qi_1": 3.683121097864737e-05,
  "qi_2": 0.0011875627457418978,
  "rpve_csf": 24.821502398093745,
  "rpve_gm": 13.523742636494504,
  "rpve_wm": 18.219203564425158,
  "size_x": 256,
  "size_y": 256,
  "size_z": 150,
  "snr_csf": 2.6572335882533547,
  "snr_gm": 8.533256720912417,
  "snr_total": 10.20818059534067,
  "snr_wm": 19.434051476856236,
  "snrd_csf": 23.03716041745696,
  "snrd_gm": 54.28902470171909,
  "snrd_total": 53.334522671427855,
  "snrd_wm": 82.6773828951075,
  "spacing_x": 1.0,
  "spacing_y": 1.0,
  "spacing_z": 1.0,
  "summary_bg_k": 539.252199993358,
  "summary_bg_mad": 7.923920631408691,
  "summary_bg_mean": 10.22145938873291,
  "summary_bg_median": 5.824095249176025,
  "summary_bg_n": 554879.0,
  "summary_bg_p05": 0.0,
  "summary_bg_p95": 33.516665267944326,
  "summary_bg_stdv": 19.212812423706055,
  "summary_csf_k": 9.00057351192485,
  "summary_csf_mad": 103.81806182861328,
  "summary_csf_mean": 292.9996337890625,
  "summary_csf_median": 278.6360778808594,
  "summary_csf_n": 13138.0,
  "summary_csf_p05": 150.9997116088867,
  "summary_csf_p95": 467.6623580932617,
  "summary_csf_stdv": 104.85546875,
  "summary_gm_k": -0.019119102724388437,
  "summary_gm_mad": 76.81144714355469,
  "summary_gm_mean": 660.9039916992188,
  "summary_gm_median": 656.6295776367188,
  "summary_gm_n": 16275.0,
  "summary_gm_p05": 540.9492126464844,
  "summary_gm_p95": 792.6805664062499,
  "summary_gm_stdv": 76.94710540771484,
  "summary_wm_k": 1.2416637929898924,
  "summary_wm_mad": 46.331546783447266,
  "summary_wm_mean": 998.185302734375,
  "summary_wm_median": 999.98876953125,
  "summary_wm_n": 188926.0,
  "summary_wm_p05": 911.5469818115234,
  "summary_wm_p95": 1077.7573547363281,
  "summary_wm_stdv": 51.455360412597656,
  "tpm_overlap_csf": 0.24246464669704437,
  "tpm_overlap_gm": 0.5167921781539917,
  "tpm_overlap_wm": 0.5790055394172668,
  "wm2max": 0.5759004090469555
}