{
  "bids_meta": {
    "modality": "T1w",
    "session_id": "2",
    "subject_id": "control02"
  },
  "cjv": 0.3245797124189034,
  "cnr": 3.9351093695249895,
  "efc": 0.6830663858144992,
  "fber": 3388.54345703125,
  "fwhm_avg": 3.588103333333333,
  "fwhm_x": 3.79611,
  "fwhm_y": 3.61016,
  "fwhm_z": 3.35804,
  "icvs_csf": 0.16578647421855033,
  "icvs_gm": 0.47612316589357784,
  "icvs_wm": 0.3580903598878718,
  "inu_med": 1.2172306776046753,
  "inu_range": 0.525784933567047,
  "provenance": {
    "md5sum": "b8cc3479050b4990e3222de011709b6f",
    "mriqc_pred": 0,
    "settings": {
      "testing": false
    },
    "software": "mriqc",
    "version": "0.9.6",
    "warnings": {
      "large_rot_frame": true,
      "small_air_mask": false
    }
  },
  "qi_1": 0.0003457062009449303,
  "qi_2": 0.0008997855059629343,
  "rpve_csf": 29.908274312823515,
  "rpve_gm": 11.987552237032343,
  "rpve_wm": 17.79337857064682,
  "size_x": 256,
  "size_y": 256,
  "size_z": 150,
  "snr_csf": 1.154075337686913,
  "snr_gm": 8.652014082189362,
  "snr_total": 8.45305684212017,
  "snr_wm": 15.55308110648423,
  "snrd_csf": 23.12298908517986,
  "snrd_gm": 46.4304362212443,
  "snrd_total": 48.522583083559056,
  "snrd_wm": 76.01432394425301,
  "spacing_x": 1.0,
  "spacing_y": 1.0,
  "spacing_z": 1.0,
  "summary_bg_k": 106.18248490961638,
  "summary_bg_mad": 8.61863899230957,
  "summary_bg_mean": 16.467267990112305,
  "summary_bg_median": 9.71586799621582,
  "summary_bg_n": 626353.0,
  "summary_bg_p05": 0.0,
  "summary_bg_p95": 55.3374320983887,
  "summary_bg_stdv": 25.763185501098633,
  "summary_csf_k": 72.95280743445515,
  "summary_csf_mad": 107.50498962402344,
  "summary_csf_mean": 335.06988525390625,
  "summary_csf_median": 304.1942138671875,
  "summary_csf_n": 5018.0,
  "summary_csf_p05": 157.36034088134767,
  "summary_csf_p95": 491.49289245605456,
  "summary_csf_stdv": 263.5563659667969,
  "summary_gm_k": 0.08665785239173562,
  "summary_gm_mad": 69.09574127197266,
  "summary_gm_mean": 615.0370483398438,
  "summary_gm_median": 610.8150634765625,
  "summary_gm_n": 26187.0,
  "summary_gm_p05": 504.47197265625,
  "summary_gm_p95": 737.816162109375,
  "summary_gm_stdv": 70.59667205810547,
  "summary_wm_k": 1.6242476795768779,
  "summary_wm_mad": 57.227596282958984,
  "summary_wm_mean": 999.03173828125,
  "summary_wm_median": 1000.0055541992188,
  "summary_wm_n": 165173.0,
  "summary_wm_p05": 893.0801147460937,
  "summary_wm_p95": 1099.567041015625,
  "summary_wm_stdv": 64.29610443115234,
  "tpm_overlap_csf": 0.2193463146686554,
  "tpm_overlap_gm": 0.5362192988395691,
  "tpm_overlap_wm": 0.5430648922920227,
  "wm2max": 0.5068265874632693
}