{
  "bids_meta": {
    "modality": "T1w",
    "session_id": "2",
    "subject_id": "tbi08"
  },
  "cjv": 0.44620022314646784,
  "cnr": 2.982013560414754,
  "efc": 0.6759667598989684,
  "fber": 1301.3402099609375,
  "fwhm_avg": 3.2618533333333333,
  "fwhm_x": 3.2714,
  "fwhm_y": 3.43157,
  "fwhm_z": 3.08259,
  "icvs_csf": 0.1758711196932661,
  "icvs_gm": 0.4175641146924716,
  "icvs_wm": 0.4065647656142623,
  "inu_med": 1.0638177394866943,
  "inu_range": 0.3565823793411256,
  "provenance": {
    "md5sum": "9f1bc6ee7b30358e0aba78c177adf13e",
    "mriqc_pred": 0,
    "settings": {
      "testing": false
    },
    "software": "mriqc",
    "version": "0.9.6",
    "warnings": {
      "large_rot_frame": true,
      "small_air_mask": false
    }
  },
  "qi_1": 0.0,
  "qi_2": 0.005608289566744796,
  "rpve_csf": 13.636858814216822,
  "rpve_gm": 6.233215704147406,
  "rpve_wm": 7.882761314751239,
  "size_x": 160,
  "size_y": 194,
  "size_z": 159,
  "snr_csf": 2.286257943774374,
  "snr_gm": 8.812917607340433,
  "snr_total": 9.508607240917362,
  "snr_wm": 17.42664617163728,
  "snrd_csf": 18.648159857105203,
  "snrd_gm": 38.77061731741262,
  "snrd_total": 37.531183482541245,
  "snrd_wm": 55.17477327310591,
  "spacing_x": 1.0,
  "spacing_y": 1.0,
  "spacing_z": 1.0,
  "summary_bg_k": 567.6965034092163,
  "summary_bg_mad": 11.87401008605957,
  "summary_bg_mean": 20.731435775756836,
  "summary_bg_median": 16.92316436767578,
  "summary_bg_n": 1077841.0,
  "summary_bg_p05": 3.0647661685943604,
  "summary_bg_p95": 50.573062896728516,
  "summary_bg_stdv": 17.04844856262207,
  "summary_csf_k": -0.4207069671456236,
  "summary_csf_mad": 174.13348388671875,
  "summary_csf_mean": 343.5119323730469,
  "summary_csf_median": 337.9883117675781,
  "summary_csf_n": 4564.0,
  "summary_csf_p05": 125.75036544799805,
  "summary_csf_p95": 584.8946777343749,
  "summary_csf_stdv": 147.8185272216797,
  "summary_gm_k": 0.17487329464910273,
  "summary_gm_mad": 76.95895385742188,
  "summary_gm_mean": 705.9325561523438,
  "summary_gm_median": 702.697509765625,
  "summary_gm_n": 13370.0,
  "summary_gm_p05": 579.2805541992188,
  "summary_gm_p95": 845.1096466064453,
  "summary_gm_stdv": 79.73196411132812,
  "summary_wm_k": 0.29095328188785974,
  "summary_wm_mad": 55.70391082763672,
  "summary_wm_mean": 1000.5140991210938,
  "summary_wm_median": 1000.014404296875,
  "summary_wm_n": 211506.0,
  "summary_wm_p05": 907.6822357177734,
  "summary_wm_p95": 1095.4532470703125,
  "summary_wm_stdv": 57.38407897949219,
  "tpm_overlap_csf": 0.21713821589946747,
  "tpm_overlap_gm": 0.4949703514575958,
  "tpm_overlap_wm": 0.55704265832901,
  "wm2max": 0.47623532934279095
}