{
  "bids_meta": {
    "modality": "T1w",
    "session_id": "1",
    "subject_id": "control09"
  },
  "cjv": 0.5952873800200376,
  "cnr": 2.294132137052058,
  "efc": 0.6810450885616924,
  "fber": 894.2798461914062,
  "fwhm_avg": 3.426543333333333,
  "fwhm_x": 3.32977,
  "fwhm_y": 3.47809,
  "fwhm_z": 3.47177,
  "icvs_csf": 0.19469890068622608,
  "icvs_gm": 0.43686448496460717,
  "icvs_wm": 0.36843661434916675,
  "inu_med": 1.3509275913238525,
  "inu_range": 0.35124100446701045,
  "provenance": {
    "md5sum": "16fe6c82fd6d4d637d91846591ecf511",
    "mriqc_pred": 0,
    "settings": {
      "testing": false
    },
    "software": "mriqc",
    "version": "0.9.6",
    "warnings": {
      "large_rot_frame": true,
      "small_air_mask": false
    }
  },
  "qi_1": 0.0,
  "qi_2": 0.005960767595868348,
  "rpve_csf": 17.98460900192061,
  "rpve_gm": 8.639942341763772,
  "rpve_wm": 12.123875189218223,
  "size_x": 160,
  "size_y": 196,
  "size_z": 200,
  "snr_csf": 2.8853899814918895,
  "snr_gm": 10.5701922451444,
  "snr_total": 9.560620250586522,
  "snr_wm": 15.226278525123274,
  "snrd_csf": 17.220596272143112,
  "snrd_gm": 34.62641773238249,
  "snrd_total": 32.24070777853019,
  "snrd_wm": 44.87510933106495,
  "spacing_x": 1.0,
  "spacing_y": 1.0,
  "spacing_z": 1.0,
  "summary_bg_k": 1.984061438657922,
  "summary_bg_mad": 14.599725723266602,
  "summary_bg_mean": 24.252593994140625,
  "summary_bg_median": 21.886066436767578,
  "summary_bg_n": 869601.0,
  "summary_bg_p05": 4.287354946136475,
  "summary_bg_p95": 55.05815124511719,
  "summary_bg_stdv": 16.387155532836914,
  "summary_csf_k": -0.716200235499481,
  "summary_csf_mad": 155.08547973632812,
  "summary_csf_mean": 402.02484130859375,
  "summary_csf_median": 383.76129150390625,
  "summary_csf_n": 7222.0,
  "summary_csf_p05": 207.05737762451173,
  "summary_csf_p95": 618.9543884277343,
  "summary_csf_stdv": 132.99232482910156,
  "summary_gm_k": -0.04604834287354942,
  "summary_gm_mad": 72.79116821289062,
  "summary_gm_mean": 771.9762573242188,
  "summary_gm_median": 771.6503295898438,
  "summary_gm_n": 14152.0,
  "summary_gm_p05": 651.9674011230469,
  "summary_gm_p95": 894.1848754882812,
  "summary_gm_stdv": 72.99990844726562,
  "summary_wm_k": 0.33298094275893675,
  "summary_wm_mad": 63.167869567871094,
  "summary_wm_mean": 1003.6294555664062,
  "summary_wm_median": 1000.0426025390625,
  "summary_wm_n": 158194.0,
  "summary_wm_p05": 902.1444091796875,
  "summary_wm_p95": 1117.3679748535155,
  "summary_wm_stdv": 65.67852020263672,
  "tpm_overlap_csf": 0.2261747419834137,
  "tpm_overlap_gm": 0.520815372467041,
  "tpm_overlap_wm": 0.565682590007782,
  "wm2max": 0.39398639296924953
}