{
  "bids_meta": {
    "modality": "T1w",
    "session_id": "1",
    "subject_id": "tbi06"
  },
  "cjv": 0.40413958576251113,
  "cnr": 3.2832094298914907,
  "efc": 0.7140130739468477,
  "fber": 1286.875732421875,
  "fwhm_avg": 3.3736833333333336,
  "fwhm_x": 3.46473,
  "fwhm_y": 3.54894,
  "fwhm_z": 3.10738,
  "icvs_csf": 0.22508896271301942,
  "icvs_gm": 0.4079623902561419,
  "icvs_wm": 0.3669486470308387,
  "inu_med": 1.0592303276062012,
  "inu_range": 0.3832316994667053,
  "provenance": {
    "md5sum": "ed88dbd3723a038913f0832372887ac4",
    "mriqc_pred": 0,
    "settings": {
      "testing": false
    },
    "software": "mriqc",
    "version": "0.9.6",
    "warnings": {
      "large_rot_frame": true,
      "small_air_mask": false
    }
  },
  "qi_1": 0.0,
  "qi_2": 0.0029245265807710742,
  "rpve_csf": 11.369641656755778,
  "rpve_gm": 6.309084253169222,
  "rpve_wm": 8.82610103141857,
  "size_x": 160,
  "size_y": 192,
  "size_z": 175,
  "snr_csf": 2.90353520553435,
  "snr_gm": 8.348570709946724,
  "snr_total": 9.123530077674685,
  "snr_wm": 16.118484317542983,
  "snrd_csf": 26.239594129118384,
  "snrd_gm": 46.65411374084917,
  "snrd_total": 47.6671812172661,
  "snrd_wm": 70.10783578183074,
  "spacing_x": 1.0,
  "spacing_y": 1.0,
  "spacing_z": 1.0,
  "summary_bg_k": 1186.3448633552368,
  "summary_bg_mad": 9.344762802124023,
  "summary_bg_mean": 16.74489974975586,
  "summary_bg_median": 14.204697608947754,
  "summary_bg_n": 903015.0,
  "summary_bg_p05": 2.759808874130249,
  "summary_bg_p95": 38.71371688842771,
  "summary_bg_stdv": 13.420119285583496,
  "summary_csf_k": -0.5175724934619579,
  "summary_csf_mad": 139.46987915039062,
  "summary_csf_mean": 361.39508056640625,
  "summary_csf_median": 374.2774658203125,
  "summary_csf_n": 8344.0,
  "summary_csf_p05": 142.9283706665039,
  "summary_csf_p95": 554.684292602539,
  "summary_csf_stdv": 128.89633178710938,
  "summary_gm_k": 0.19142191371401962,
  "summary_gm_mad": 76.45600128173828,
  "summary_gm_mean": 669.1724853515625,
  "summary_gm_median": 665.4669799804688,
  "summary_gm_n": 13933.0,
  "summary_gm_p05": 543.3009765625,
  "summary_gm_p95": 807.7527099609374,
  "summary_gm_stdv": 79.70742797851562,
  "summary_wm_k": 0.5581024410289124,
  "summary_wm_mad": 58.74494552612305,
  "summary_wm_mean": 999.4957885742188,
  "summary_wm_median": 1000.0072021484375,
  "summary_wm_n": 193371.0,
  "summary_wm_p05": 897.138916015625,
  "summary_wm_p95": 1099.8323364257812,
  "summary_wm_stdv": 62.04085922241211,
  "tpm_overlap_csf": 0.2033182978630066,
  "tpm_overlap_gm": 0.4982532560825348,
  "tpm_overlap_wm": 0.5600467920303345,
  "wm2max": 0.5002593793224821
}