{
  "bids_meta": {
    "modality": "T1w",
    "session_id": "2",
    "subject_id": "control07"
  },
  "cjv": 0.4244992020141929,
  "cnr": 3.1201408294750976,
  "efc": 0.6198867256687648,
  "fber": 1565.2274169921875,
  "fwhm_avg": 3.0106699999999997,
  "fwhm_x": 3.02232,
  "fwhm_y": 3.15875,
  "fwhm_z": 2.85094,
  "icvs_csf": 0.19033578830355027,
  "icvs_gm": 0.4134058102786334,
  "icvs_wm": 0.3962584014178164,
  "inu_med": 1.1655566692352295,
  "inu_range": 0.3427502334117891,
  "provenance": {
    "md5sum": "797d1763d3122fcabe8e50e243369bf8",
    "mriqc_pred": 0,
    "settings": {
      "testing": false
    },
    "software": "mriqc",
    "version": "0.9.6",
    "warnings": {
      "large_rot_frame": true,
      "small_air_mask": false
    }
  },
  "qi_1": 0.0,
  "qi_2": 0.006753756486507374,
  "rpve_csf": 22.21212244348014,
  "rpve_gm": 10.906212385389573,
  "rpve_wm": 14.1259722533461,
  "size_x": 160,
  "size_y": 256,
  "size_z": 256,
  "snr_csf": 1.9307821258020847,
  "snr_gm": 8.272878477350389,
  "snr_total": 8.536946497937445,
  "snr_wm": 15.407178890659857,
  "snrd_csf": 16.858318441662774,
  "snrd_gm": 38.804888699605705,
  "snrd_total": 37.7998996344096,
  "snrd_wm": 57.73649176196032,
  "spacing_x": 1.0,
  "spacing_y": 1.0,
  "spacing_z": 1.0,
  "summary_bg_k": 406.41810586230423,
  "summary_bg_mad": 11.34704303741455,
  "summary_bg_mean": 17.731111526489258,
  "summary_bg_median": 14.311151504516602,
  "summary_bg_n": 3055657.0,
  "summary_bg_p05": 2.882378578186035,
  "summary_bg_p95": 44.22517547607421,
  "summary_bg_stdv": 15.221091270446777,
  "summary_csf_k": 25.167626907069767,
  "summary_csf_mad": 123.9015884399414,
  "summary_csf_mean": 315.7137756347656,
  "summary_csf_median": 291.9881591796875,
  "summary_csf_n": 7758.0,
  "summary_csf_p05": 137.25307388305666,
  "summary_csf_p95": 536.5719696044922,
  "summary_csf_stdv": 151.21817016601562,
  "summary_gm_k": 0.4120528258851093,
  "summary_gm_mad": 76.56413269042969,
  "summary_gm_mean": 673.5125122070312,
  "summary_gm_median": 672.10546875,
  "summary_gm_n": 12162.0,
  "summary_gm_p05": 541.8318878173828,
  "summary_gm_p95": 811.1132537841797,
  "summary_gm_stdv": 81.23869323730469,
  "summary_wm_k": 0.28328041568223883,
  "summary_wm_mad": 62.62818145751953,
  "summary_wm_mean": 999.9013061523438,
  "summary_wm_median": 1000.003173828125,
  "summary_wm_n": 235019.0,
  "summary_wm_p05": 892.9017944335938,
  "summary_wm_p95": 1106.2278198242186,
  "summary_wm_stdv": 64.90487670898438,
  "tpm_overlap_csf": 0.21228204667568207,
  "tpm_overlap_gm": 0.4895766079425812,
  "tpm_overlap_wm": 0.5545599460601807,
  "wm2max": 0.48903401469391666
}