{
  "bids_meta": {
    "modality": "T1w",
    "session_id": "3",
    "subject_id": "tbi11"
  },
  "cjv": 0.4302164640005624,
  "cnr": 3.121272301238282,
  "efc": 0.6951199614906914,
  "fber": 1206.3004150390625,
  "fwhm_avg": 3.11884,
  "fwhm_x": 3.08132,
  "fwhm_y": 3.3485,
  "fwhm_z": 2.9267,
  "icvs_csf": 0.19497658865137987,
  "icvs_gm": 0.4204050111567267,
  "icvs_wm": 0.3846184001918934,
  "inu_med": 1.000442624092102,
  "inu_range": 0.3814272642135621,
  "provenance": {
    "md5sum": "fb79cdae7670c39646a7be14fa464659",
    "mriqc_pred": 0,
    "settings": {
      "testing": false
    },
    "software": "mriqc",
    "version": "0.9.6",
    "warnings": {
      "large_rot_frame": true,
      "small_air_mask": false
    }
  },
  "qi_1": 0.0,
  "qi_2": 0.017313640391516966,
  "rpve_csf": 14.150679288822282,
  "rpve_gm": 6.93208471240483,
  "rpve_wm": 9.268840411207822,
  "size_x": 160,
  "size_y": 214,
  "size_z": 197,
  "snr_csf": 2.778729295616785,
  "snr_gm": 8.385926278952985,
  "snr_total": 9.169143440465062,
  "snr_wm": 16.342774746825413,
  "snrd_csf": 29.190698786600183,
  "snrd_gm": 51.19564144810709,
  "snrd_total": 51.872446310472725,
  "snrd_wm": 75.2309986967109,
  "spacing_x": 1.0,
  "spacing_y": 1.0,
  "spacing_z": 1.0,
  "summary_bg_k": 2449.4571362204324,
  "summary_bg_mad": 8.708450317382812,
  "summary_bg_mean": 16.053665161132812,
  "summary_bg_median": 14.305810928344727,
  "summary_bg_n": 977700.0,
  "summary_bg_p05": 2.896706557273865,
  "summary_bg_p95": 34.13615951538086,
  "summary_bg_stdv": 12.183391571044922,
  "summary_csf_k": -0.031826154212880375,
  "summary_csf_mad": 133.89625549316406,
  "summary_csf_mean": 385.2734680175781,
  "summary_csf_median": 388.01959228515625,
  "summary_csf_n": 3297.0,
  "summary_csf_p05": 143.89861755371095,
  "summary_csf_p95": 612.5383422851562,
  "summary_csf_stdv": 139.6180419921875,
  "summary_gm_k": 0.051675814770606454,
  "summary_gm_mad": 78.77510070800781,
  "summary_gm_mean": 681.1508178710938,
  "summary_gm_median": 680.52197265625,
  "summary_gm_n": 11633.0,
  "summary_gm_p05": 546.3605834960938,
  "summary_gm_p95": 816.9058349609375,
  "summary_gm_stdv": 81.1469955444336,
  "summary_wm_k": 0.44300538597799966,
  "summary_wm_mad": 58.675540924072266,
  "summary_wm_mean": 999.21435546875,
  "summary_wm_median": 1000.0137939453125,
  "summary_wm_n": 211891.0,
  "summary_wm_p05": 897.5580749511719,
  "summary_wm_p95": 1097.297119140625,
  "summary_wm_stdv": 61.1898193359375,
  "tpm_overlap_csf": 0.16934701800346375,
  "tpm_overlap_gm": 0.4692995846271515,
  "tpm_overlap_wm": 0.5428318977355957,
  "wm2max": 0.527567573208535
}