{
  "bids_meta": {
    "modality": "T1w",
    "session_id": "1",
    "subject_id": "tbi11"
  },
  "cjv": 0.49993816461241014,
  "cnr": 2.730891618442691,
  "efc": 0.6941404659358474,
  "fber": 1058.8587646484375,
  "fwhm_avg": 3.0399100000000003,
  "fwhm_x": 3.04561,
  "fwhm_y": 3.20398,
  "fwhm_z": 2.87014,
  "icvs_csf": 0.20029984985571608,
  "icvs_gm": 0.40508373285285265,
  "icvs_wm": 0.39461641729143127,
  "inu_med": 1.0972996950149536,
  "inu_range": 0.3577195286750794,
  "provenance": {
    "md5sum": "07f0676baf4fc140ca18eb405a897b4d",
    "mriqc_pred": 0,
    "settings": {
      "testing": false
    },
    "software": "mriqc",
    "version": "0.9.6",
    "warnings": {
      "large_rot_frame": true,
      "small_air_mask": false
    }
  },
  "qi_1": 0.0,
  "qi_2": 0.019604146116422014,
  "rpve_csf": 13.419253473983163,
  "rpve_gm": 6.906159252145177,
  "rpve_wm": 8.839758901246547,
  "size_x": 160,
  "size_y": 212,
  "size_z": 198,
  "snr_csf": 3.0465977875979866,
  "snr_gm": 7.92338524175178,
  "snr_total": 8.504672647340026,
  "snr_wm": 14.54403491267031,
  "snrd_csf": 24.171330106631675,
  "snrd_gm": 41.11602556477536,
  "snrd_total": 41.541752190925365,
  "snrd_wm": 59.33790090136907,
  "spacing_x": 1.0,
  "spacing_y": 1.0,
  "spacing_z": 1.0,
  "summary_bg_k": 2725.374741523524,
  "summary_bg_mad": 11.041206359863281,
  "summary_bg_mean": 16.617773056030273,
  "summary_bg_median": 14.556901931762695,
  "summary_bg_n": 938216.0,
  "summary_bg_p05": 2.915136694908142,
  "summary_bg_p95": 38.29780387878418,
  "summary_bg_stdv": 16.435625076293945,
  "summary_csf_k": 0.37764889741167096,
  "summary_csf_mad": 141.82125854492188,
  "summary_csf_mean": 403.0651550292969,
  "summary_csf_median": 407.3665466308594,
  "summary_csf_n": 6592.0,
  "summary_csf_p05": 189.11865234375,
  "summary_csf_p95": 609.9718444824217,
  "summary_csf_stdv": 133.70181274414062,
  "summary_gm_k": 0.10536654541240731,
  "summary_gm_mad": 85.27940368652344,
  "summary_gm_mean": 694.9501342773438,
  "summary_gm_median": 692.9404907226562,
  "summary_gm_n": 14063.0,
  "summary_gm_p05": 552.2925964355469,
  "summary_gm_p95": 844.1096496582031,
  "summary_gm_stdv": 87.45199584960938,
  "summary_wm_k": 0.10103280623057431,
  "summary_wm_mad": 68.25092315673828,
  "summary_wm_mean": 1000.6904296875,
  "summary_wm_median": 1000.0391235351562,
  "summary_wm_n": 223510.0,
  "summary_wm_p05": 888.9758056640625,
  "summary_wm_p95": 1114.3324829101562,
  "summary_wm_stdv": 68.75924682617188,
  "tpm_overlap_csf": 0.1821262538433075,
  "tpm_overlap_gm": 0.4674270749092102,
  "tpm_overlap_wm": 0.5519006252288818,
  "wm2max": 0.46692883191031687
}