{
  "bids_meta": {
    "modality": "T1w",
    "session_id": "2",
    "subject_id": "control03"
  },
  "cjv": 0.3561059551003518,
  "cnr": 3.6563539806811693,
  "efc": 0.6609548789788693,
  "fber": 15192.4775390625,
  "fwhm_avg": 3.8522766666666666,
  "fwhm_x": 4.09325,
  "fwhm_y": 3.85853,
  "fwhm_z": 3.60505,
  "icvs_csf": 0.2138657996302183,
  "icvs_gm": 0.41396901950223064,
  "icvs_wm": 0.3721651808675511,
  "inu_med": 1.0789486169815063,
  "inu_range": 0.40533753633499137,
  "provenance": {
    "md5sum": "20fb4aff1e9bf6b9b01de12ba019ad44",
    "mriqc_pred": 0,
    "settings": {
      "testing": false
    },
    "software": "mriqc",
    "version": "0.9.6",
    "warnings": {
      "large_rot_frame": true,
      "small_air_mask": false
    }
  },
  "qi_1": 3.649345828693451e-05,
  "qi_2": 0.0008473649554128373,
  "rpve_csf": 24.96124473573047,
  "rpve_gm": 13.588757774170602,
  "rpve_wm": 18.290433271148473,
  "size_x": 256,
  "size_y": 256,
  "size_z": 150,
  "snr_csf": 2.69780580950521,
  "snr_gm": 8.691834963430551,
  "snr_total": 10.298837290793706,
  "snr_wm": 19.506871099445355,
  "snrd_csf": 23.958080280707257,
  "snrd_gm": 56.01346053827373,
  "snrd_total": 55.05409475593542,
  "snrd_wm": 85.19074344882527,
  "spacing_x": 1.0,
  "spacing_y": 1.0,
  "spacing_z": 1.0,
  "summary_bg_k": 501.633700763903,
  "summary_bg_mad": 7.690151691436768,
  "summary_bg_mean": 10.452969551086426,
  "summary_bg_median": 5.991374492645264,
  "summary_bg_n": 563467.0,
  "summary_bg_p05": 0.0,
  "summary_bg_p95": 34.158642959594715,
  "summary_bg_stdv": 20.59612274169922,
  "summary_csf_k": 1.2574409872904306,
  "summary_csf_mad": 106.25582885742188,
  "summary_csf_mean": 294.43511962890625,
  "summary_csf_median": 281.225830078125,
  "summary_csf_n": 12948.0,
  "summary_csf_p05": 149.03002395629883,
  "summary_csf_p95": 471.2094512939452,
  "summary_csf_stdv": 104.2384033203125,
  "summary_gm_k": -0.0380661505770159,
  "summary_gm_mad": 75.9006576538086,
  "summary_gm_mean": 661.0623779296875,
  "summary_gm_median": 657.499755859375,
  "summary_gm_n": 15971.0,
  "summary_gm_p05": 541.0633544921875,
  "summary_gm_p95": 790.4677429199219,
  "summary_gm_stdv": 75.643310546875,
  "summary_wm_k": 1.2227439690476247,
  "summary_wm_mad": 46.062110900878906,
  "summary_wm_mean": 998.0847778320312,
  "summary_wm_median": 999.9898681640625,
  "summary_wm_n": 188567.0,
  "summary_wm_p05": 911.5531433105468,
  "summary_wm_p95": 1077.2993286132812,
  "summary_wm_stdv": 51.26333236694336,
  "tpm_overlap_csf": 0.24224445223808289,
  "tpm_overlap_gm": 0.5155801177024841,
  "tpm_overlap_wm": 0.5778079032897949,
  "wm2max": 0.5783032107368343
}