{
  "bids_meta": {
    "modality": "T1w",
    "session_id": "3",
    "subject_id": "tbi04"
  },
  "cjv": 0.5029637958178829,
  "cnr": 2.6449919344257076,
  "efc": 0.698603311753805,
  "fber": 1277.5567626953125,
  "fwhm_avg": 3.0219066666666667,
  "fwhm_x": 3.10486,
  "fwhm_y": 3.11973,
  "fwhm_z": 2.84113,
  "icvs_csf": 0.19642186921507634,
  "icvs_gm": 0.41284577879216316,
  "icvs_wm": 0.3907323519927605,
  "inu_med": 1.0815839767456055,
  "inu_range": 0.4232158958911896,
  "provenance": {
    "md5sum": "ca235090feb99f21edfc025bfef3c5c4",
    "mriqc_pred": 0,
    "settings": {
      "testing": false
    },
    "software": "mriqc",
    "version": "0.9.6",
    "warnings": {
      "large_rot_frame": true,
      "small_air_mask": false
    }
  },
  "qi_1": 0.0,
  "qi_2": 0.008446123334460792,
  "rpve_csf": 12.950854419457967,
  "rpve_gm": 6.404538219098846,
  "rpve_wm": 8.441449877266725,
  "size_x": 160,
  "size_y": 207,
  "size_z": 175,
  "snr_csf": 3.9411441221763983,
  "snr_gm": 8.34744203445301,
  "snr_total": 9.200635878975758,
  "snr_wm": 15.313321480297862,
  "snrd_csf": 28.953075639273937,
  "snrd_gm": 41.1101300171499,
  "snrd_total": 42.57870312277977,
  "snrd_wm": 57.672903711915474,
  "spacing_x": 1.0,
  "spacing_y": 1.0,
  "spacing_z": 1.0,
  "summary_bg_k": 1276.3527850660778,
  "summary_bg_mad": 11.359842300415039,
  "summary_bg_mean": 19.127653121948242,
  "summary_bg_median": 16.731029510498047,
  "summary_bg_n": 1137456.0,
  "summary_bg_p05": 3.1504403352737427,
  "summary_bg_p95": 44.20755100250244,
  "summary_bg_stdv": 15.273955345153809,
  "summary_csf_k": 0.7290600736321631,
  "summary_csf_mad": 112.20072937011719,
  "summary_csf_mean": 478.8827819824219,
  "summary_csf_median": 502.0364990234375,
  "summary_csf_n": 2926.0,
  "summary_csf_p05": 234.70161056518555,
  "summary_csf_p95": 650.4315185546875,
  "summary_csf_stdv": 127.3616714477539,
  "summary_gm_k": 0.27444631996863,
  "summary_gm_mad": 81.45330810546875,
  "summary_gm_mean": 714.7727661132812,
  "summary_gm_median": 712.835693359375,
  "summary_gm_n": 9254.0,
  "summary_gm_p05": 579.281494140625,
  "summary_gm_p95": 861.0743469238282,
  "summary_gm_stdv": 85.3910903930664,
  "summary_wm_k": 0.2919080177509219,
  "summary_wm_mad": 62.99430847167969,
  "summary_wm_mean": 1001.6500854492188,
  "summary_wm_median": 1000.028564453125,
  "summary_wm_n": 209943.0,
  "summary_wm_p05": 897.140936279297,
  "summary_wm_p95": 1111.5236206054688,
  "summary_wm_stdv": 65.30432891845703,
  "tpm_overlap_csf": 0.17859528958797455,
  "tpm_overlap_gm": 0.48061808943748474,
  "tpm_overlap_wm": 0.5582695007324219,
  "wm2max": 0.46658961521129827
}