{
  "bids_meta": {
    "modality": "T1w",
    "session_id": "1",
    "subject_id": "control11"
  },
  "cjv": 0.4967820566072337,
  "cnr": 2.7212206627496753,
  "efc": 0.6750788283743304,
  "fber": 2488.392822265625,
  "fwhm_avg": 3.511893333333333,
  "fwhm_x": 3.38788,
  "fwhm_y": 3.55776,
  "fwhm_z": 3.59004,
  "icvs_csf": 0.17913442404825264,
  "icvs_gm": 0.43565849622252584,
  "icvs_wm": 0.3852070797292215,
  "inu_med": 1.0800827741622925,
  "inu_range": 0.2931856870651245,
  "provenance": {
    "md5sum": "3f043a1057679111d627a54b5132e6a1",
    "mriqc_pred": 0,
    "settings": {
      "testing": false
    },
    "software": "mriqc",
    "version": "0.9.6",
    "warnings": {
      "large_rot_frame": true,
      "small_air_mask": false
    }
  },
  "qi_1": 0.000293997641883262,
  "qi_2": 0.010893616701066077,
  "rpve_csf": 16.948779375097235,
  "rpve_gm": 7.787315138609412,
  "rpve_wm": 10.368700471464754,
  "size_x": 160,
  "size_y": 255,
  "size_z": 200,
  "snr_csf": 2.681007969645211,
  "snr_gm": 10.238005487616759,
  "snr_total": 10.447947087032775,
  "snr_wm": 18.424827803836354,
  "snrd_csf": 25.258612591372323,
  "snrd_gm": 54.3879608189934,
  "snrd_total": 50.71945950762319,
  "snrd_wm": 72.51180511250386,
  "spacing_x": 1.0,
  "spacing_y": 1.0,
  "spacing_z": 1.0,
  "summary_bg_k": 5.953855494961111,
  "summary_bg_mad": 9.035177230834961,
  "summary_bg_mean": 15.751564979553223,
  "summary_bg_median": 13.548579216003418,
  "summary_bg_n": 1757161.0,
  "summary_bg_p05": 2.856142282485962,
  "summary_bg_p95": 36.20016860961914,
  "summary_bg_stdv": 11.114362716674805,
  "summary_csf_k": 2.607024319925248,
  "summary_csf_mad": 124.44307708740234,
  "summary_csf_mean": 376.51190185546875,
  "summary_csf_median": 348.3489074707031,
  "summary_csf_n": 16570.0,
  "summary_csf_p05": 212.26516647338866,
  "summary_csf_p95": 614.4063903808593,
  "summary_csf_stdv": 129.9281463623047,
  "summary_gm_k": 0.11549761307574657,
  "summary_gm_mad": 71.81182861328125,
  "summary_gm_mean": 752.598388671875,
  "summary_gm_median": 750.0802612304688,
  "summary_gm_n": 28451.0,
  "summary_gm_p05": 635.6263427734375,
  "summary_gm_p95": 877.4798583984375,
  "summary_gm_stdv": 73.26300811767578,
  "summary_wm_k": 0.39938988547136045,
  "summary_wm_mad": 52.359458923339844,
  "summary_wm_mean": 1001.6885986328125,
  "summary_wm_median": 1000.031494140625,
  "summary_wm_n": 258043.0,
  "summary_wm_p05": 915.3764038085938,
  "summary_wm_p95": 1093.0543212890625,
  "summary_wm_stdv": 54.27619552612305,
  "tpm_overlap_csf": 0.22068621218204498,
  "tpm_overlap_gm": 0.5051906704902649,
  "tpm_overlap_wm": 0.5454726815223694,
  "wm2max": 0.3966945765782246
}