{
  "bids_meta": {
    "modality": "T1w",
    "session_id": "3",
    "subject_id": "tbi01"
  },
  "cjv": 0.29917405424616395,
  "cnr": 4.183189944216685,
  "efc": 0.7628994477462393,
  "fber": 1915.198486328125,
  "fwhm_avg": 4.141956666666666,
  "fwhm_x": 4.31047,
  "fwhm_y": 4.17411,
  "fwhm_z": 3.94129,
  "icvs_csf": 0.24353338654533185,
  "icvs_gm": 0.4213180075970397,
  "icvs_wm": 0.33514860585762846,
  "inu_med": 1.2566289901733398,
  "inu_range": 0.443474757671356,
  "provenance": {
    "md5sum": "f86591dee12617c74c64d2506bbaf485",
    "mriqc_pred": 0,
    "settings": {
      "testing": false
    },
    "software": "mriqc",
    "version": "0.9.6",
    "warnings": {
      "large_rot_frame": true,
      "small_air_mask": true
    }
  },
  "qi_1": 0.0,
  "qi_2": 0.00022487286283643363,
  "rpve_csf": 8.753125486921187,
  "rpve_gm": 5.080118049019375,
  "rpve_wm": 7.566493904367708,
  "size_x": 163,
  "size_y": 209,
  "size_z": 150,
  "snr_csf": 3.5413645781070118,
  "snr_gm": 8.901218252346984,
  "snr_total": 9.791691616642035,
  "snr_wm": 16.932492019472114,
  "snrd_csf": 24.050813364399495,
  "snrd_gm": 57.466994038643485,
  "snrd_total": 58.62002959097242,
  "snrd_wm": 94.34228136987429,
  "spacing_x": 1.0,
  "spacing_y": 1.0,
  "spacing_z": 1.0,
  "summary_bg_k": 460.3135926150131,
  "summary_bg_mad": 6.944278717041016,
  "summary_bg_mean": 10.073660850524902,
  "summary_bg_median": 4.683844566345215,
  "summary_bg_n": 187364.0,
  "summary_bg_p05": 0.0,
  "summary_bg_p95": 31.511665248870855,
  "summary_bg_stdv": 23.662845611572266,
  "summary_csf_k": 1.6489031091388942,
  "summary_csf_mad": 57.29100799560547,
  "summary_csf_mean": 265.29168701171875,
  "summary_csf_median": 254.9324951171875,
  "summary_csf_n": 60063.0,
  "summary_csf_p05": 167.70216827392582,
  "summary_csf_p95": 406.05055847167966,
  "summary_csf_stdv": 71.98648071289062,
  "summary_gm_k": 0.2918003973557677,
  "summary_gm_mad": 65.49583435058594,
  "summary_gm_mean": 613.0157470703125,
  "summary_gm_median": 609.135498046875,
  "summary_gm_n": 23475.0,
  "summary_gm_p05": 506.62799377441405,
  "summary_gm_p95": 732.7060119628907,
  "summary_gm_stdv": 68.43136596679688,
  "summary_wm_k": 1.8617301313256176,
  "summary_wm_mad": 51.441925048828125,
  "summary_wm_mean": 1000.4901733398438,
  "summary_wm_median": 1000.004150390625,
  "summary_wm_n": 219110.0,
  "summary_wm_p05": 905.5823547363282,
  "summary_wm_p95": 1096.125909423828,
  "summary_wm_stdv": 59.058162689208984,
  "tpm_overlap_csf": 0.19681505858898163,
  "tpm_overlap_gm": 0.4781849980354309,
  "tpm_overlap_wm": 0.4727032482624054,
  "wm2max": 0.47182320977549463
}