{
  "bids_meta": {
    "modality": "T1w",
    "session_id": "2",
    "subject_id": "tbi07"
  },
  "cjv": 0.4040030264861489,
  "cnr": 3.2587402969905037,
  "efc": 0.6049663767305954,
  "fber": 2116.63818359375,
  "fwhm_avg": 3.2648033333333335,
  "fwhm_x": 3.35741,
  "fwhm_y": 3.42036,
  "fwhm_z": 3.01664,
  "icvs_csf": 0.19879663432662042,
  "icvs_gm": 0.4251197046836171,
  "icvs_wm": 0.3760836609897625,
  "inu_med": 1.0572112798690796,
  "inu_range": 0.3948605537414551,
  "provenance": {
    "md5sum": "22fb4983be68ab6182baec50c3699683",
    "mriqc_pred": 0,
    "settings": {
      "testing": false
    },
    "software": "mriqc",
    "version": "0.9.6",
    "warnings": {
      "large_rot_frame": true,
      "small_air_mask": false
    }
  },
  "qi_1": 0.0,
  "qi_2": 0.016311320861695025,
  "rpve_csf": 24.22754965529136,
  "rpve_gm": 12.216423563275528,
  "rpve_wm": 16.7931674664301,
  "size_x": 160,
  "size_y": 256,
  "size_z": 256,
  "snr_csf": 2.3980728487755276,
  "snr_gm": 7.746826813119153,
  "snr_total": 8.789707031174373,
  "snr_wm": 16.22422143162844,
  "snrd_csf": 25.35132331062148,
  "snrd_gm": 48.035860995937846,
  "snrd_total": 48.86003122589603,
  "snrd_wm": 73.19290937112878,
  "spacing_x": 1.0,
  "spacing_y": 1.0,
  "spacing_z": 1.0,
  "summary_bg_k": 64.70928315504293,
  "summary_bg_mad": 8.950750350952148,
  "summary_bg_mean": 14.627216339111328,
  "summary_bg_median": 12.063552856445312,
  "summary_bg_n": 2511003.0,
  "summary_bg_p05": 0.0,
  "summary_bg_p95": 37.848437118530256,
  "summary_bg_stdv": 12.206926345825195,
  "summary_csf_k": -0.8989366558970326,
  "summary_csf_mad": 179.57028198242188,
  "summary_csf_mean": 339.3059387207031,
  "summary_csf_median": 346.3605041503906,
  "summary_csf_n": 7495.0,
  "summary_csf_p05": 120.58098831176758,
  "summary_csf_p95": 562.501904296875,
  "summary_csf_stdv": 144.4232177734375,
  "summary_gm_k": 0.23299725760224366,
  "summary_gm_mad": 80.19422149658203,
  "summary_gm_mean": 658.95947265625,
  "summary_gm_median": 656.2862548828125,
  "summary_gm_n": 13664.0,
  "summary_gm_p05": 522.3235565185547,
  "summary_gm_p95": 804.5575683593748,
  "summary_gm_stdv": 84.71368408203125,
  "summary_wm_k": 0.4263814416534797,
  "summary_wm_mad": 58.66413879394531,
  "summary_wm_mean": 997.5762329101562,
  "summary_wm_median": 999.9924926757812,
  "summary_wm_n": 201455.0,
  "summary_wm_p05": 891.8562622070312,
  "summary_wm_p95": 1093.8418701171875,
  "summary_wm_stdv": 61.635623931884766,
  "tpm_overlap_csf": 0.21193115413188934,
  "tpm_overlap_gm": 0.501870334148407,
  "tpm_overlap_wm": 0.5620349645614624,
  "wm2max": 0.5357891811429035
}