{
  "bids_meta": {
    "modality": "T1w",
    "session_id": "1",
    "subject_id": "tbi07"
  },
  "cjv": 0.4251543750648927,
  "cnr": 3.1250503778349055,
  "efc": 0.7058869590349273,
  "fber": 1370.8428955078125,
  "fwhm_avg": 3.315163333333333,
  "fwhm_x": 3.39859,
  "fwhm_y": 3.50543,
  "fwhm_z": 3.04147,
  "icvs_csf": 0.20573977314194702,
  "icvs_gm": 0.42240142892493615,
  "icvs_wm": 0.3718587979331168,
  "inu_med": 1.0380810499191284,
  "inu_range": 0.3665017783641812,
  "provenance": {
    "md5sum": "17668531c5dd030a1cae6b898e3f3b22",
    "mriqc_pred": 0,
    "settings": {
      "testing": false
    },
    "software": "mriqc",
    "version": "0.9.6",
    "warnings": {
      "large_rot_frame": true,
      "small_air_mask": false
    }
  },
  "qi_1": 0.0,
  "qi_2": 0.007777841893012174,
  "rpve_csf": 12.841864241850434,
  "rpve_gm": 6.626527670515873,
  "rpve_wm": 9.144557055420997,
  "size_x": 160,
  "size_y": 209,
  "size_z": 178,
  "snr_csf": 2.29642990375496,
  "snr_gm": 7.872582109097264,
  "snr_total": 8.858849576226298,
  "snr_wm": 16.40753671582667,
  "snrd_csf": 22.833882582923156,
  "snrd_gm": 46.25372862605632,
  "snrd_total": 46.01344941975031,
  "snrd_wm": 68.95273705027144,
  "spacing_x": 1.0,
  "spacing_y": 1.0,
  "spacing_z": 1.0,
  "summary_bg_k": 16.66844758490325,
  "summary_bg_mad": 9.501172065734863,
  "summary_bg_mean": 16.102014541625977,
  "summary_bg_median": 14.269338607788086,
  "summary_bg_n": 956466.0,
  "summary_bg_p05": 2.6557194590568542,
  "summary_bg_p95": 36.89576530456543,
  "summary_bg_stdv": 11.061948776245117,
  "summary_csf_k": -0.663172139231885,
  "summary_csf_mad": 169.9099884033203,
  "summary_csf_mean": 333.25457763671875,
  "summary_csf_median": 331.1503601074219,
  "summary_csf_n": 9591.0,
  "summary_csf_p05": 115.17415618896484,
  "summary_csf_p95": 567.6723022460938,
  "summary_csf_stdv": 144.19473266601562,
  "summary_gm_k": 0.2905899646213128,
  "summary_gm_mad": 81.90535736083984,
  "summary_gm_mean": 673.4131469726562,
  "summary_gm_median": 670.7987060546875,
  "summary_gm_n": 14163.0,
  "summary_gm_p05": 538.6670471191406,
  "summary_gm_p95": 820.137139892578,
  "summary_gm_stdv": 85.20394134521484,
  "summary_wm_k": 0.5129973308743252,
  "summary_wm_mad": 58.05305480957031,
  "summary_wm_mean": 999.361328125,
  "summary_wm_median": 999.9930419921875,
  "summary_wm_n": 206262.0,
  "summary_wm_p05": 898.6242614746094,
  "summary_wm_p95": 1097.7280822753905,
  "summary_wm_stdv": 60.94702911376953,
  "tpm_overlap_csf": 0.2127564400434494,
  "tpm_overlap_gm": 0.49904975295066833,
  "tpm_overlap_wm": 0.558123767375946,
  "wm2max": 0.5129715097600815
}