{
  "bids_meta": {
    "modality": "T1w",
    "session_id": "2",
    "subject_id": "control04"
  },
  "cjv": 0.3520563844391602,
  "cnr": 3.694179911339381,
  "efc": 0.7480818409316549,
  "fber": 2962.62060546875,
  "fwhm_avg": 3.992853411829278,
  "fwhm_x": 4.26329,
  "fwhm_y": 3.9508302354878326,
  "fwhm_z": 3.76444,
  "icvs_csf": 0.2262270327375073,
  "icvs_gm": 0.4176986277841254,
  "icvs_wm": 0.3560743394783673,
  "inu_med": 1.1080909967422485,
  "inu_range": 0.4997357130050657,
  "provenance": {
    "md5sum": "128c19bb1a2b1057ff093c52a8a0e40c",
    "mriqc_pred": 0,
    "settings": {
      "testing": false
    },
    "software": "mriqc",
    "version": "0.9.6",
    "warnings": {
      "large_rot_frame": true,
      "small_air_mask": false
    }
  },
  "qi_1": 0.0,
  "qi_2": 0.0011835075035493017,
  "rpve_csf": 17.614167317877133,
  "rpve_gm": 9.959262973953864,
  "rpve_wm": 14.258600032476414,
  "size_x": 256,
  "size_y": 256,
  "size_z": 150,
  "snr_csf": 2.928869091149558,
  "snr_gm": 8.213549123187198,
  "snr_total": 9.393430624917263,
  "snr_wm": 17.03787366041503,
  "snrd_csf": 23.000800746115136,
  "snrd_gm": 44.82772360933119,
  "snrd_total": 46.135007964704556,
  "snrd_wm": 70.57649953866735,
  "spacing_x": 1.0,
  "spacing_y": 0.9999999403953552,
  "spacing_z": 1.0,
  "summary_bg_k": 21.307369208671954,
  "summary_bg_mad": 9.282737731933594,
  "summary_bg_mean": 14.934394836425781,
  "summary_bg_median": 10.207559585571289,
  "summary_bg_n": 402117.0,
  "summary_bg_p05": 0.0,
  "summary_bg_p95": 49.723406219482364,
  "summary_bg_stdv": 18.132869720458984,
  "summary_csf_k": -0.006168143825117767,
  "summary_csf_mad": 122.50041198730469,
  "summary_csf_mean": 331.7245178222656,
  "summary_csf_median": 325.9022216796875,
  "summary_csf_n": 15262.0,
  "summary_csf_p05": 166.08370513916014,
  "summary_csf_p95": 516.5482330322263,
  "summary_csf_stdv": 111.26873016357422,
  "summary_gm_k": 0.24648760457105512,
  "summary_gm_mad": 74.55369567871094,
  "summary_gm_mean": 639.124755859375,
  "summary_gm_median": 635.1715698242188,
  "summary_gm_n": 17412.0,
  "summary_gm_p05": 519.1099761962892,
  "summary_gm_p95": 774.068017578125,
  "summary_gm_stdv": 77.32994842529297,
  "summary_wm_k": 0.8689167161903488,
  "summary_wm_mad": 53.890113830566406,
  "summary_wm_mean": 997.7269897460938,
  "summary_wm_median": 1000.0103149414062,
  "summary_wm_n": 238889.0,
  "summary_wm_p05": 897.4940795898438,
  "summary_wm_p95": 1089.021240234375,
  "summary_wm_stdv": 58.69325256347656,
  "tpm_overlap_csf": 0.21613600850105286,
  "tpm_overlap_gm": 0.5019574761390686,
  "tpm_overlap_wm": 0.5455987453460693,
  "wm2max": 0.5260838599575612
}