{
  "bids_meta": {
    "modality": "T1w",
    "session_id": "2",
    "subject_id": "tbi14"
  },
  "cjv": 0.4594756071373932,
  "cnr": 2.9562267708381103,
  "efc": 0.6936069161492624,
  "fber": 1378.572998046875,
  "fwhm_avg": 3.548636666666667,
  "fwhm_x": 3.48928,
  "fwhm_y": 3.54933,
  "fwhm_z": 3.6073,
  "icvs_csf": 0.19876484404182687,
  "icvs_gm": 0.4068020111689742,
  "icvs_wm": 0.39443314478919894,
  "inu_med": 0.9706775546073914,
  "inu_range": 0.30631208419799805,
  "provenance": {
    "md5sum": "581df535c119229e6a540fcf0ac24864",
    "mriqc_pred": 0,
    "settings": {
      "testing": false
    },
    "software": "mriqc",
    "version": "0.9.6",
    "warnings": {
      "large_rot_frame": true,
      "small_air_mask": false
    }
  },
  "qi_1": 0.0,
  "qi_2": 0.009095915433905966,
  "rpve_csf": 14.639864090132232,
  "rpve_gm": 7.483614384131354,
  "rpve_wm": 9.53134565649246,
  "size_x": 160,
  "size_y": 193,
  "size_z": 200,
  "snr_csf": 2.692792339709061,
  "snr_gm": 9.888032060068603,
  "snr_total": 10.867389575826797,
  "snr_wm": 20.02134432770272,
  "snrd_csf": 19.264394778011642,
  "snrd_gm": 44.91758137851107,
  "snrd_total": 41.81736363295594,
  "snrd_wm": 61.2701147423451,
  "spacing_x": 1.0,
  "spacing_y": 1.0,
  "spacing_z": 1.0,
  "summary_bg_k": 2.911528405835889,
  "summary_bg_mad": 10.692813873291016,
  "summary_bg_mean": 18.12323760986328,
  "summary_bg_median": 15.700019836425781,
  "summary_bg_n": 997566.0,
  "summary_bg_p05": 2.9171746373176575,
  "summary_bg_p95": 41.97476100921631,
  "summary_bg_stdv": 12.632078170776367,
  "summary_csf_k": 0.3964857675357716,
  "summary_csf_mad": 106.96441650390625,
  "summary_csf_mean": 339.35302734375,
  "summary_csf_median": 314.4239807128906,
  "summary_csf_n": 11610.0,
  "summary_csf_p05": 189.6603874206543,
  "summary_csf_p95": 567.8128662109373,
  "summary_csf_stdv": 116.76000213623047,
  "summary_gm_k": -0.058091752683837594,
  "summary_gm_mad": 74.10188293457031,
  "summary_gm_mean": 735.9447021484375,
  "summary_gm_median": 733.1226806640625,
  "summary_gm_n": 15574.0,
  "summary_gm_p05": 617.3746704101563,
  "summary_gm_p95": 862.5041931152343,
  "summary_gm_stdv": 74.14004516601562,
  "summary_wm_k": 0.3065349934994246,
  "summary_wm_mad": 48.53124237060547,
  "summary_wm_mean": 1000.7210693359375,
  "summary_wm_median": 1000.0206909179688,
  "summary_wm_n": 228869.0,
  "summary_wm_p05": 920.1376953125,
  "summary_wm_p95": 1083.5005126953124,
  "summary_wm_stdv": 49.9476203918457,
  "tpm_overlap_csf": 0.22245462238788605,
  "tpm_overlap_gm": 0.48291507363319397,
  "tpm_overlap_wm": 0.5535531640052795,
  "wm2max": 0.4423467314307339
}