{
  "bids_meta": {
    "modality": "T1w",
    "session_id": "1",
    "subject_id": "tbi08"
  },
  "cjv": 0.4035766720668417,
  "cnr": 3.2431795960596554,
  "efc": 0.6747307008917535,
  "fber": 1616.26123046875,
  "fwhm_avg": 3.25405,
  "fwhm_x": 3.26641,
  "fwhm_y": 3.3889,
  "fwhm_z": 3.10684,
  "icvs_csf": 0.16637244068559823,
  "icvs_gm": 0.42672486023339706,
  "icvs_wm": 0.4069026990810047,
  "inu_med": 1.0072814226150513,
  "inu_range": 0.3276202082633972,
  "provenance": {
    "md5sum": "45f7ddf964d195bc974aeb4d0e760526",
    "mriqc_pred": 0,
    "settings": {
      "testing": false
    },
    "software": "mriqc",
    "version": "0.9.6",
    "warnings": {
      "large_rot_frame": true,
      "small_air_mask": false
    }
  },
  "qi_1": 0.0,
  "qi_2": 0.00647668780277979,
  "rpve_csf": 14.145423357940343,
  "rpve_gm": 6.141404590253052,
  "rpve_wm": 7.807476435957661,
  "size_x": 160,
  "size_y": 194,
  "size_z": 159,
  "snr_csf": 2.3113678930720836,
  "snr_gm": 8.779205046953583,
  "snr_total": 9.904050949449966,
  "snr_wm": 18.62157990832423,
  "snrd_csf": 17.712663842636598,
  "snrd_gm": 40.14472571727021,
  "snrd_total": 38.72046186122009,
  "snrd_wm": 58.303996023753456,
  "spacing_x": 1.0,
  "spacing_y": 1.0,
  "spacing_z": 1.0,
  "summary_bg_k": 6.914863001740672,
  "summary_bg_mad": 11.236530303955078,
  "summary_bg_mean": 17.772321701049805,
  "summary_bg_median": 14.97858715057373,
  "summary_bg_n": 1052215.0,
  "summary_bg_p05": 2.8345614194869997,
  "summary_bg_p95": 43.80415649414057,
  "summary_bg_stdv": 13.719376564025879,
  "summary_csf_k": 0.3092361613107748,
  "summary_csf_mad": 135.80950927734375,
  "summary_csf_mean": 326.77703857421875,
  "summary_csf_median": 303.7976379394531,
  "summary_csf_n": 6398.0,
  "summary_csf_p05": 147.5153434753418,
  "summary_csf_p95": 559.3921264648437,
  "summary_csf_stdv": 131.426025390625,
  "summary_gm_k": 0.41422137587626073,
  "summary_gm_mad": 74.04473876953125,
  "summary_gm_mean": 691.8302001953125,
  "summary_gm_median": 688.5397338867188,
  "summary_gm_n": 16208.0,
  "summary_gm_p05": 568.6825073242187,
  "summary_gm_p95": 827.6703186035156,
  "summary_gm_stdv": 78.42606353759766,
  "summary_wm_k": 0.3776839435328472,
  "summary_wm_mad": 51.65227508544922,
  "summary_wm_mean": 1000.0711669921875,
  "summary_wm_median": 999.997314453125,
  "summary_wm_n": 214218.0,
  "summary_wm_p05": 912.5632202148438,
  "summary_wm_p95": 1087.922540283203,
  "summary_wm_stdv": 53.70086669921875,
  "tpm_overlap_csf": 0.22473815083503723,
  "tpm_overlap_gm": 0.501637876033783,
  "tpm_overlap_wm": 0.5578468441963196,
  "wm2max": 0.4792687830364159
}