{
  "bids_meta": {
    "modality": "T1w",
    "session_id": "3",
    "subject_id": "tbi10"
  },
  "cjv": 0.40293686987656646,
  "cnr": 3.2849041856023025,
  "efc": 0.6786751133411807,
  "fber": 1338.0257568359375,
  "fwhm_avg": 3.1246733333333334,
  "fwhm_x": 3.19332,
  "fwhm_y": 3.2885,
  "fwhm_z": 2.8922,
  "icvs_csf": 0.20120861933835468,
  "icvs_gm": 0.4234870904856225,
  "icvs_wm": 0.3753042901760228,
  "inu_med": 1.0201191902160645,
  "inu_range": 0.3613079726696016,
  "provenance": {
    "md5sum": "66f479ee0f1a8f2efe7a63720135a894",
    "mriqc_pred": 0,
    "settings": {
      "testing": false
    },
    "software": "mriqc",
    "version": "0.9.6",
    "warnings": {
      "large_rot_frame": true,
      "small_air_mask": false
    }
  },
  "qi_1": 0.0,
  "qi_2": 0.007793894369446204,
  "rpve_csf": 12.75774831236456,
  "rpve_gm": 6.327476932167892,
  "rpve_wm": 8.768291009533993,
  "size_x": 160,
  "size_y": 200,
  "size_z": 156,
  "snr_csf": 2.7723822243973633,
  "snr_gm": 8.534394860893125,
  "snr_total": 9.602570994826783,
  "snr_wm": 17.50093589918986,
  "snrd_csf": 24.36536948143488,
  "snrd_gm": 45.80330991008279,
  "snrd_total": 45.97111980208454,
  "snrd_wm": 67.74468001473596,
  "spacing_x": 1.0,
  "spacing_y": 1.0,
  "spacing_z": 1.0,
  "summary_bg_k": 1633.2354724435756,
  "summary_bg_mad": 9.670661926269531,
  "summary_bg_mean": 17.763469696044922,
  "summary_bg_median": 15.533408164978027,
  "summary_bg_n": 1086052.0,
  "summary_bg_p05": 3.149557328224182,
  "summary_bg_p95": 37.89498634338378,
  "summary_bg_stdv": 13.457810401916504,
  "summary_csf_k": -0.33523571670168906,
  "summary_csf_mad": 139.39773559570312,
  "summary_csf_mean": 359.7084045410156,
  "summary_csf_median": 359.6644287109375,
  "summary_csf_n": 2312.0,
  "summary_csf_p05": 148.7072868347168,
  "summary_csf_p95": 567.871533203125,
  "summary_csf_stdv": 129.703125,
  "summary_gm_k": 0.38262078507914943,
  "summary_gm_mad": 76.3479995727539,
  "summary_gm_mean": 678.05908203125,
  "summary_gm_median": 676.1162109375,
  "summary_gm_n": 7828.0,
  "summary_gm_p05": 551.5251220703125,
  "summary_gm_p95": 808.7762054443358,
  "summary_gm_stdv": 79.21745300292969,
  "summary_wm_k": 0.5381904662326447,
  "summary_wm_mad": 54.15642547607422,
  "summary_wm_mean": 999.893310546875,
  "summary_wm_median": 999.999267578125,
  "summary_wm_n": 166050.0,
  "summary_wm_p05": 906.5665740966797,
  "summary_wm_p95": 1092.9078369140625,
  "summary_wm_stdv": 57.13958740234375,
  "tpm_overlap_csf": 0.18552926182746887,
  "tpm_overlap_gm": 0.49534872174263,
  "tpm_overlap_wm": 0.5710349082946777,
  "wm2max": 0.5324191231532027
}