{
  "bids_meta": {
    "modality": "T1w",
    "session_id": "1",
    "subject_id": "tbi05"
  },
  "cjv": 0.4689884392600934,
  "cnr": 2.855241048808421,
  "efc": 0.6943137361190062,
  "fber": 1823.1082763671875,
  "fwhm_avg": 3.12907,
  "fwhm_x": 3.12041,
  "fwhm_y": 3.32999,
  "fwhm_z": 2.93681,
  "icvs_csf": 0.18665615944389127,
  "icvs_gm": 0.4149782721644903,
  "icvs_wm": 0.39836556839161846,
  "inu_med": 1.0469093322753906,
  "inu_range": 0.40423473715782166,
  "provenance": {
    "md5sum": "533047d58fb747b5b1027e1b950a8a38",
    "mriqc_pred": 0,
    "settings": {
      "testing": false
    },
    "software": "mriqc",
    "version": "0.9.6",
    "warnings": {
      "large_rot_frame": true,
      "small_air_mask": false
    }
  },
  "qi_1": 0.0,
  "qi_2": 0.00925589273122334,
  "rpve_csf": 11.059930819653333,
  "rpve_gm": 5.304992899406906,
  "rpve_wm": 6.739265774934574,
  "size_x": 160,
  "size_y": 206,
  "size_z": 143,
  "snr_csf": 2.422490744528501,
  "snr_gm": 8.051704764989449,
  "snr_total": 8.88208921811306,
  "snr_wm": 16.172072144821232,
  "snrd_csf": 23.70564584240611,
  "snrd_gm": 43.86000741620244,
  "snrd_total": 43.558689128146234,
  "snrd_wm": 63.110414125830154,
  "spacing_x": 1.0,
  "spacing_y": 1.0,
  "spacing_z": 1.0,
  "summary_bg_k": 900.6097818432995,
  "summary_bg_mad": 10.380868911743164,
  "summary_bg_mean": 15.647468566894531,
  "summary_bg_median": 13.247457504272461,
  "summary_bg_n": 992462.0,
  "summary_bg_p05": 2.8202253699302675,
  "summary_bg_p95": 36.21382389068604,
  "summary_bg_stdv": 11.830389022827148,
  "summary_csf_k": 0.2098941606244562,
  "summary_csf_mad": 163.62562561035156,
  "summary_csf_mean": 371.7557678222656,
  "summary_csf_median": 375.6243896484375,
  "summary_csf_n": 3085.0,
  "summary_csf_p05": 128.75880126953126,
  "summary_csf_p95": 614.532421875,
  "summary_csf_stdv": 155.03196716308594,
  "summary_gm_k": 0.25640587745797827,
  "summary_gm_mad": 82.91854095458984,
  "summary_gm_mean": 698.6793823242188,
  "summary_gm_median": 694.9774169921875,
  "summary_gm_n": 9762.0,
  "summary_gm_p05": 560.0688323974609,
  "summary_gm_p95": 847.7976806640625,
  "summary_gm_stdv": 86.30989837646484,
  "summary_wm_k": 0.28949656039310767,
  "summary_wm_mad": 60.13678741455078,
  "summary_wm_mean": 999.4655151367188,
  "summary_wm_median": 1000.0069580078125,
  "summary_wm_n": 214911.0,
  "summary_wm_p05": 897.5813598632812,
  "summary_wm_p95": 1100.0025634765625,
  "summary_wm_stdv": 61.83528137207031,
  "tpm_overlap_csf": 0.17967507243156433,
  "tpm_overlap_gm": 0.47881925106048584,
  "tpm_overlap_wm": 0.5524665117263794,
  "wm2max": 0.4871646299220398
}