{
  "bids_meta": {
    "modality": "T1w",
    "session_id": "1",
    "subject_id": "control12"
  },
  "cjv": 0.4657981892610261,
  "cnr": 2.8941981060827957,
  "efc": 0.5591313033910511,
  "fber": 4151.77978515625,
  "fwhm_avg": 3.542996666666667,
  "fwhm_x": 3.46799,
  "fwhm_y": 3.58558,
  "fwhm_z": 3.57542,
  "icvs_csf": 0.173408579154648,
  "icvs_gm": 0.451197959451144,
  "icvs_wm": 0.37539346139420804,
  "inu_med": 1.006596565246582,
  "inu_range": 0.26501739025115967,
  "provenance": {
    "md5sum": "d51de7f86e55abe0aebc518cc6104dbb",
    "mriqc_pred": 0,
    "settings": {
      "testing": false
    },
    "software": "mriqc",
    "version": "0.9.6",
    "warnings": {
      "large_rot_frame": true,
      "small_air_mask": false
    }
  },
  "qi_1": 0.0,
  "qi_2": 0.009762176279545303,
  "rpve_csf": 32.44738891276857,
  "rpve_gm": 14.251459492206862,
  "rpve_wm": 19.782614557303337,
  "size_x": 160,
  "size_y": 256,
  "size_z": 256,
  "snr_csf": 3.0775727183856496,
  "snr_gm": 11.327080189546086,
  "snr_total": 11.189129363567046,
  "snr_wm": 19.162735182769403,
  "snrd_csf": 35.147835946391034,
  "snrd_gm": 78.05472434165915,
  "snrd_total": 72.24841335559556,
  "snrd_wm": 103.54267977873651,
  "spacing_x": 1.0,
  "spacing_y": 1.0,
  "spacing_z": 1.0,
  "summary_bg_k": 7.891952232040802,
  "summary_bg_mad": 6.32735538482666,
  "summary_bg_mean": 11.573713302612305,
  "summary_bg_median": 9.59299373626709,
  "summary_bg_n": 2622102.0,
  "summary_bg_p05": 0.0,
  "summary_bg_p95": 27.90952568054199,
  "summary_bg_stdv": 9.042816162109375,
  "summary_csf_k": 0.664481549312641,
  "summary_csf_mad": 90.32091522216797,
  "summary_csf_mean": 365.4992980957031,
  "summary_csf_median": 339.46038818359375,
  "summary_csf_n": 6507.0,
  "summary_csf_p05": 226.6114044189453,
  "summary_csf_p95": 591.6472473144531,
  "summary_csf_stdv": 110.29286193847656,
  "summary_gm_k": 0.20972740065680195,
  "summary_gm_mad": 64.85067749023438,
  "summary_gm_mean": 756.0546264648438,
  "summary_gm_median": 753.8582763671875,
  "summary_gm_n": 18958.0,
  "summary_gm_p05": 651.0795501708984,
  "summary_gm_p95": 870.1151275634763,
  "summary_gm_stdv": 66.55187225341797,
  "summary_wm_k": 0.34490693016688256,
  "summary_wm_mad": 49.81232452392578,
  "summary_wm_mean": 1000.5404663085938,
  "summary_wm_median": 1000.0228271484375,
  "summary_wm_n": 168626.0,
  "summary_wm_p05": 915.8369140625,
  "summary_wm_p95": 1087.8251953125,
  "summary_wm_stdv": 52.18565368652344,
  "tpm_overlap_csf": 0.2339341789484024,
  "tpm_overlap_gm": 0.5331335663795471,
  "tpm_overlap_wm": 0.5697410106658936,
  "wm2max": 0.41730939204466266
}