{
  "bids_meta": {
    "modality": "T1w",
    "session_id": "2",
    "subject_id": "tbi02"
  },
  "cjv": 0.36545804309585284,
  "cnr": 3.319397723881723,
  "efc": 0.6819178943452869,
  "fber": 1156.7056884765625,
  "fwhm_avg": 3.2696066666666668,
  "fwhm_x": 3.39182,
  "fwhm_y": 3.41097,
  "fwhm_z": 3.00603,
  "icvs_csf": 0.2054970222594395,
  "icvs_gm": 0.39101372733270995,
  "icvs_wm": 0.40348925040785055,
  "inu_med": 1.1010310649871826,
  "inu_range": 0.3417663425207138,
  "provenance": {
    "md5sum": "046b1345f7e4db0cd8176e37104bb0ab",
    "mriqc_pred": 0,
    "settings": {
      "testing": false
    },
    "software": "mriqc",
    "version": "0.9.6",
    "warnings": {
      "large_rot_frame": true,
      "small_air_mask": false
    }
  },
  "qi_1": 0.0002077724582134221,
  "qi_2": 0.0009310537829836296,
  "rpve_csf": 13.988982676050998,
  "rpve_gm": 7.431431140473597,
  "rpve_wm": 9.481584750054997,
  "size_x": 160,
  "size_y": 188,
  "size_z": 187,
  "snr_csf": 2.671566943219419,
  "snr_gm": 8.401662107106443,
  "snr_total": 10.033912880792212,
  "snr_wm": 19.028509592050774,
  "snrd_csf": 21.83684635972663,
  "snrd_gm": 43.37352444103977,
  "snrd_total": 43.576088642085516,
  "snrd_wm": 65.51789512549016,
  "spacing_x": 1.0,
  "spacing_y": 1.0,
  "spacing_z": 1.0,
  "summary_bg_k": 814.4890528860396,
  "summary_bg_mad": 9.999242782592773,
  "summary_bg_mean": 17.97834014892578,
  "summary_bg_median": 14.347881317138672,
  "summary_bg_n": 981553.0,
  "summary_bg_p05": 2.5180459022521973,
  "summary_bg_p95": 39.64976119995114,
  "summary_bg_stdv": 37.3902702331543,
  "summary_csf_k": -0.048175457392823695,
  "summary_csf_mad": 130.40533447265625,
  "summary_csf_mean": 324.7546081542969,
  "summary_csf_median": 333.2923278808594,
  "summary_csf_n": 5786.0,
  "summary_csf_p05": 120.36332511901855,
  "summary_csf_p95": 523.1444244384766,
  "summary_csf_stdv": 124.74459075927734,
  "summary_gm_k": 0.40158088913156176,
  "summary_gm_mad": 73.37370300292969,
  "summary_gm_mean": 662.9396362304688,
  "summary_gm_median": 662.0032348632812,
  "summary_gm_n": 9175.0,
  "summary_gm_p05": 534.6182556152344,
  "summary_gm_p95": 796.47822265625,
  "summary_gm_stdv": 78.79002380371094,
  "summary_wm_k": 0.5146462514246757,
  "summary_wm_mad": 50.1460075378418,
  "summary_wm_mean": 998.9481811523438,
  "summary_wm_median": 999.9892578125,
  "summary_wm_n": 201900.0,
  "summary_wm_p05": 911.4293640136718,
  "summary_wm_p95": 1083.0330078124998,
  "summary_wm_stdv": 52.55202865600586,
  "tpm_overlap_csf": 0.21088261902332306,
  "tpm_overlap_gm": 0.4849958121776581,
  "tpm_overlap_wm": 0.5770537853240967,
  "wm2max": 0.5575437910377358
}