{
  "bids_meta": {
    "modality": "T1w",
    "session_id": "1",
    "subject_id": "control07"
  },
  "cjv": 0.4138110126767958,
  "cnr": 3.140281227004648,
  "efc": 0.7096922385709404,
  "fber": 1458.063232421875,
  "fwhm_avg": 3.03875,
  "fwhm_x": 3.0618,
  "fwhm_y": 3.18085,
  "fwhm_z": 2.8736,
  "icvs_csf": 0.18245429234814825,
  "icvs_gm": 0.4200943665114704,
  "icvs_wm": 0.39745134114038133,
  "inu_med": 1.099097490310669,
  "inu_range": 0.36860448122024536,
  "provenance": {
    "md5sum": "dd7098bfd28df8a74b4196460cae1442",
    "mriqc_pred": 0,
    "settings": {
      "testing": false
    },
    "software": "mriqc",
    "version": "0.9.6",
    "warnings": {
      "large_rot_frame": true,
      "small_air_mask": false
    }
  },
  "qi_1": 0.0,
  "qi_2": 0.00316916965627803,
  "rpve_csf": 14.775877741042528,
  "rpve_gm": 6.944976466955102,
  "rpve_wm": 9.088392716831672,
  "size_x": 160,
  "size_y": 216,
  "size_z": 200,
  "snr_csf": 1.702873852208613,
  "snr_gm": 8.007120961138718,
  "snr_total": 8.460416468349518,
  "snr_wm": 15.671254591701222,
  "snrd_csf": 16.65954217916438,
  "snrd_gm": 35.576992095926144,
  "snrd_total": 35.19944356366371,
  "snrd_wm": 53.36179641590061,
  "spacing_x": 1.0,
  "spacing_y": 1.0,
  "spacing_z": 1.0,
  "summary_bg_k": 619.7853374248156,
  "summary_bg_mad": 12.277320861816406,
  "summary_bg_mean": 18.57236099243164,
  "summary_bg_median": 15.701958656311035,
  "summary_bg_n": 1323013.0,
  "summary_bg_p05": 2.971541786193848,
  "summary_bg_p95": 44.6905647277832,
  "summary_bg_stdv": 16.1173152923584,
  "summary_csf_k": 23.01999434807318,
  "summary_csf_mad": 160.08473205566406,
  "summary_csf_mean": 327.3861083984375,
  "summary_csf_median": 312.20147705078125,
  "summary_csf_n": 4199.0,
  "summary_csf_p05": 113.21220245361329,
  "summary_csf_p95": 554.1819885253906,
  "summary_csf_stdv": 183.316162109375,
  "summary_gm_k": 0.7251538312639987,
  "summary_gm_mad": 77.08255767822266,
  "summary_gm_mean": 670.1998291015625,
  "summary_gm_median": 666.7163696289062,
  "summary_gm_n": 14892.0,
  "summary_gm_p05": 537.6169891357422,
  "summary_gm_p95": 812.0311096191406,
  "summary_gm_stdv": 83.26263427734375,
  "summary_wm_k": 0.4471034200428159,
  "summary_wm_mad": 60.83610153198242,
  "summary_wm_mean": 1000.35986328125,
  "summary_wm_median": 1000.00537109375,
  "summary_wm_n": 239332.0,
  "summary_wm_p05": 896.2904571533204,
  "summary_wm_p95": 1105.3961242675782,
  "summary_wm_stdv": 63.811309814453125,
  "tpm_overlap_csf": 0.2074495404958725,
  "tpm_overlap_gm": 0.4953336715698242,
  "tpm_overlap_wm": 0.5515122413635254,
  "wm2max": 0.4888857234238786
}