{
  "bids_meta": {
    "modality": "T1w",
    "session_id": "3",
    "subject_id": "tbi14"
  },
  "cjv": 0.504509150141704,
  "cnr": 2.7379921951738933,
  "efc": 0.609565108089322,
  "fber": 1862.685302734375,
  "fwhm_avg": 3.61529,
  "fwhm_x": 3.53709,
  "fwhm_y": 3.63509,
  "fwhm_z": 3.67369,
  "icvs_csf": 0.19965685325729526,
  "icvs_gm": 0.40586273770894865,
  "icvs_wm": 0.3944804090337561,
  "inu_med": 1.0562506914138794,
  "inu_range": 0.35214822292327885,
  "provenance": {
    "md5sum": "260ad133fbf7313992230a984d67ea27",
    "mriqc_pred": 0,
    "settings": {
      "testing": false
    },
    "software": "mriqc",
    "version": "0.9.6",
    "warnings": {
      "large_rot_frame": true,
      "small_air_mask": false
    }
  },
  "qi_1": 0.0,
  "qi_2": 0.009048188870380527,
  "rpve_csf": 24.956300895912012,
  "rpve_gm": 12.840259578806037,
  "rpve_wm": 16.108676076038286,
  "size_x": 160,
  "size_y": 256,
  "size_z": 256,
  "snr_csf": 2.7533006081246265,
  "snr_gm": 10.178774698217293,
  "snr_total": 10.249001558808217,
  "snr_wm": 17.814929370082734,
  "snrd_csf": 19.26897891340966,
  "snrd_gm": 44.565612277890764,
  "snrd_total": 41.21687763644257,
  "snrd_wm": 59.81604171802729,
  "spacing_x": 1.0,
  "spacing_y": 1.0,
  "spacing_z": 1.0,
  "summary_bg_k": 4.3425261157529835,
  "summary_bg_mad": 10.952980995178223,
  "summary_bg_mean": 16.866010665893555,
  "summary_bg_median": 13.875539779663086,
  "summary_bg_n": 2200176.0,
  "summary_bg_p05": 2.870762825012207,
  "summary_bg_p95": 41.1621150970459,
  "summary_bg_stdv": 12.757036209106445,
  "summary_csf_k": 0.17206333059962242,
  "summary_csf_mad": 110.52474975585938,
  "summary_csf_mean": 345.5501403808594,
  "summary_csf_median": 322.15087890625,
  "summary_csf_n": 13402.0,
  "summary_csf_p05": 193.28004455566406,
  "summary_csf_p95": 574.1046142578125,
  "summary_csf_stdv": 117.0009765625,
  "summary_gm_k": -0.09381719619071127,
  "summary_gm_mad": 74.5754623413086,
  "summary_gm_mean": 745.2993774414062,
  "summary_gm_median": 745.0758666992188,
  "summary_gm_n": 16320.0,
  "summary_gm_p05": 624.3998077392578,
  "summary_gm_p95": 865.7359222412109,
  "summary_gm_stdv": 73.19673156738281,
  "summary_wm_k": 0.3868379954937584,
  "summary_wm_mad": 54.057342529296875,
  "summary_wm_mean": 1001.7381591796875,
  "summary_wm_median": 1000.0421142578125,
  "summary_wm_n": 230286.0,
  "summary_wm_p05": 912.7814025878906,
  "summary_wm_p95": 1096.379638671875,
  "summary_wm_stdv": 56.13493728637695,
  "tpm_overlap_csf": 0.22452440857887268,
  "tpm_overlap_gm": 0.48641523718833923,
  "tpm_overlap_wm": 0.5564358234405518,
  "wm2max": 0.43966297560005657
}