{
  "bids_meta": {
    "modality": "T1w",
    "session_id": "1",
    "subject_id": "tbi10"
  },
  "cjv": 0.4684198110119812,
  "cnr": 2.836441459013763,
  "efc": 0.6827801699971509,
  "fber": 1232.7635498046875,
  "fwhm_avg": 3.25907,
  "fwhm_x": 3.27139,
  "fwhm_y": 3.50692,
  "fwhm_z": 2.9989,
  "icvs_csf": 0.23117494888876378,
  "icvs_gm": 0.39060995358760725,
  "icvs_wm": 0.378215097523629,
  "inu_med": 1.1195316314697266,
  "inu_range": 0.3537669897079464,
  "provenance": {
    "md5sum": "ded7bd31f15241b471c5ac52c309b45d",
    "mriqc_pred": 0,
    "settings": {
      "testing": false
    },
    "software": "mriqc",
    "version": "0.9.6",
    "warnings": {
      "large_rot_frame": true,
      "small_air_mask": false
    }
  },
  "qi_1": 3.15369151721673e-05,
  "qi_2": 0.004175551182920805,
  "rpve_csf": 11.647648312066877,
  "rpve_gm": 6.684746666306753,
  "rpve_wm": 8.864196857651471,
  "size_x": 160,
  "size_y": 202,
  "size_z": 158,
  "snr_csf": 2.2992056636750577,
  "snr_gm": 8.168458684948463,
  "snr_total": 8.852913676935222,
  "snr_wm": 16.091076682182145,
  "snrd_csf": 19.01712779321258,
  "snrd_gm": 41.36603767076468,
  "snrd_total": 39.91144038093947,
  "snrd_wm": 59.35115567884114,
  "spacing_x": 1.0,
  "spacing_y": 1.0,
  "spacing_z": 1.0,
  "summary_bg_k": 476.6779439693403,
  "summary_bg_mad": 11.038394927978516,
  "summary_bg_mean": 19.362197875976562,
  "summary_bg_median": 16.234804153442383,
  "summary_bg_n": 1085399.0,
  "summary_bg_p05": 3.0962373256683353,
  "summary_bg_p95": 46.46605720520018,
  "summary_bg_stdv": 16.49431610107422,
  "summary_csf_k": -0.8272778123051903,
  "summary_csf_mad": 169.9278106689453,
  "summary_csf_mean": 322.1151428222656,
  "summary_csf_median": 320.4196472167969,
  "summary_csf_n": 6601.0,
  "summary_csf_p05": 114.48453521728516,
  "summary_csf_p95": 547.4335327148438,
  "summary_csf_stdv": 139.3504638671875,
  "summary_gm_k": 0.41063182565357614,
  "summary_gm_mad": 81.99237060546875,
  "summary_gm_mean": 701.8817138671875,
  "summary_gm_median": 696.9765014648438,
  "summary_gm_n": 7684.0,
  "summary_gm_p05": 570.5789093017578,
  "summary_gm_p95": 848.9552368164061,
  "summary_gm_stdv": 85.31978607177734,
  "summary_wm_k": 0.3648407402573546,
  "summary_wm_mad": 59.95349884033203,
  "summary_wm_mean": 1000.7999267578125,
  "summary_wm_median": 1000.0078125,
  "summary_wm_n": 186718.0,
  "summary_wm_p05": 900.423876953125,
  "summary_wm_p95": 1103.795458984375,
  "summary_wm_stdv": 62.14656448364258,
  "tpm_overlap_csf": 0.2097819298505783,
  "tpm_overlap_gm": 0.4826980531215668,
  "tpm_overlap_wm": 0.5890519022941589,
  "wm2max": 0.507121921289408
}