{
  "bids_meta": {
    "modality": "T1w",
    "session_id": "1",
    "subject_id": "control08"
  },
  "cjv": 0.40587752368161156,
  "cnr": 3.1707477794546737,
  "efc": 0.6665130699489464,
  "fber": 1504.406005859375,
  "fwhm_avg": 2.8983066666666666,
  "fwhm_x": 2.99429,
  "fwhm_y": 3.05721,
  "fwhm_z": 2.64342,
  "icvs_csf": 0.2018485044655229,
  "icvs_gm": 0.4099040925992198,
  "icvs_wm": 0.38824740293525734,
  "inu_med": 1.0320403575897217,
  "inu_range": 0.3091578364372253,
  "provenance": {
    "md5sum": "902d89200b1519782512c54eb0b56293",
    "mriqc_pred": 0,
    "settings": {
      "testing": false
    },
    "software": "mriqc",
    "version": "0.9.6",
    "warnings": {
      "large_rot_frame": true,
      "small_air_mask": false
    }
  },
  "qi_1": 0.0,
  "qi_2": 0.007624094209017928,
  "rpve_csf": 12.093313374784131,
  "rpve_gm": 6.098652146291344,
  "rpve_wm": 8.081160618985887,
  "size_x": 160,
  "size_y": 187,
  "size_z": 134,
  "snr_csf": 3.909060964322506,
  "snr_gm": 8.23324033072935,
  "snr_total": 10.236333285927243,
  "snr_wm": 18.56669856272987,
  "snrd_csf": 27.392391068251918,
  "snrd_gm": 47.57085159362886,
  "snrd_total": 48.16778089766783,
  "snrd_wm": 69.54010003112273,
  "spacing_x": 1.0,
  "spacing_y": 1.0,
  "spacing_z": 1.0,
  "summary_bg_k": 8.445993309586441,
  "summary_bg_mad": 9.421172142028809,
  "summary_bg_mean": 16.016738891601562,
  "summary_bg_median": 14.031861305236816,
  "summary_bg_n": 866435.0,
  "summary_bg_p05": 2.651543140411377,
  "summary_bg_p95": 36.94862365722656,
  "summary_bg_stdv": 11.138943672180176,
  "summary_csf_k": 0.3121008650934356,
  "summary_csf_mad": 95.53839111328125,
  "summary_csf_mean": 388.7954406738281,
  "summary_csf_median": 393.91558837890625,
  "summary_csf_n": 2943.0,
  "summary_csf_p05": 212.26122589111327,
  "summary_csf_p95": 544.6836730957032,
  "summary_csf_stdv": 100.75275421142578,
  "summary_gm_k": 0.49808563267355543,
  "summary_gm_mad": 76.66932678222656,
  "summary_gm_mean": 687.7692260742188,
  "summary_gm_median": 684.0914306640625,
  "summary_gm_n": 6756.0,
  "summary_gm_p05": 557.5963287353516,
  "summary_gm_p95": 834.1347045898438,
  "summary_gm_stdv": 83.08281707763672,
  "summary_wm_k": 0.3916502491661822,
  "summary_wm_mad": 51.558837890625,
  "summary_wm_mean": 999.004638671875,
  "summary_wm_median": 1000.0196533203125,
  "summary_wm_n": 142166.0,
  "summary_wm_p05": 908.8573455810547,
  "summary_wm_p95": 1085.4044494628906,
  "summary_wm_stdv": 53.860740661621094,
  "tpm_overlap_csf": 0.15490539371967316,
  "tpm_overlap_gm": 0.46043550968170166,
  "tpm_overlap_wm": 0.5628321170806885,
  "wm2max": 0.5446598289271335
}