{
  "bids_meta": {
    "modality": "T1w",
    "session_id": "1",
    "subject_id": "tbi12"
  },
  "cjv": 0.40120728463366667,
  "cnr": 3.235343521840643,
  "efc": 0.6680656799005862,
  "fber": 1961.7537841796875,
  "fwhm_avg": 3.27737,
  "fwhm_x": 3.33018,
  "fwhm_y": 3.44732,
  "fwhm_z": 3.05461,
  "icvs_csf": 0.19987532865081303,
  "icvs_gm": 0.39861254873348034,
  "icvs_wm": 0.40151212261570657,
  "inu_med": 1.0032768249511719,
  "inu_range": 0.31746189296245575,
  "provenance": {
    "md5sum": "60b4fe9fe2c8b9e552b9302fcfb862f1",
    "mriqc_pred": 0,
    "settings": {
      "testing": false
    },
    "software": "mriqc",
    "version": "0.9.6",
    "warnings": {
      "large_rot_frame": true,
      "small_air_mask": false
    }
  },
  "qi_1": 0.0,
  "qi_2": 0.007718589326130085,
  "rpve_csf": 12.137219197217629,
  "rpve_gm": 6.327189301516631,
  "rpve_wm": 8.110164751829522,
  "size_x": 160,
  "size_y": 197,
  "size_z": 165,
  "snr_csf": 2.964192655892901,
  "snr_gm": 8.025868880045827,
  "snr_total": 10.191977704908961,
  "snr_wm": 19.585871578788154,
  "snrd_csf": 31.21786017724666,
  "snrd_gm": 55.70248754410076,
  "snrd_total": 56.3856634461479,
  "snrd_wm": 82.23664261709628,
  "spacing_x": 1.0,
  "spacing_y": 1.0,
  "spacing_z": 1.0,
  "summary_bg_k": 2501.913905694725,
  "summary_bg_mad": 7.966463088989258,
  "summary_bg_mean": 13.79576587677002,
  "summary_bg_median": 11.809359550476074,
  "summary_bg_n": 1042261.0,
  "summary_bg_p05": 2.1647632122039795,
  "summary_bg_p95": 31.448083877563477,
  "summary_bg_stdv": 14.733077049255371,
  "summary_csf_k": -0.5087671524756039,
  "summary_csf_mad": 128.29644775390625,
  "summary_csf_mean": 356.3941345214844,
  "summary_csf_median": 379.6094055175781,
  "summary_csf_n": 8845.0,
  "summary_csf_p05": 131.2974853515625,
  "summary_csf_p95": 533.1213500976562,
  "summary_csf_stdv": 128.0577850341797,
  "summary_gm_k": 0.17684842655055322,
  "summary_gm_mad": 80.29240417480469,
  "summary_gm_mean": 679.127685546875,
  "summary_gm_median": 677.3426513671875,
  "summary_gm_n": 11142.0,
  "summary_gm_p05": 540.3059661865234,
  "summary_gm_p95": 822.8275207519531,
  "summary_gm_stdv": 84.39114379882812,
  "summary_wm_k": 0.4233860130750151,
  "summary_wm_mad": 49.159339904785156,
  "summary_wm_mean": 999.8794555664062,
  "summary_wm_median": 999.9981689453125,
  "summary_wm_n": 228325.0,
  "summary_wm_p05": 916.1150390625,
  "summary_wm_p95": 1082.7057861328126,
  "summary_wm_stdv": 51.0570068359375,
  "tpm_overlap_csf": 0.21803082525730133,
  "tpm_overlap_gm": 0.49819648265838623,
  "tpm_overlap_wm": 0.5868556499481201,
  "wm2max": 0.5254633729264104
}