{
  "bids_meta": {
    "modality": "T1w",
    "session_id": "1",
    "subject_id": "tbi14"
  },
  "cjv": 0.5041718192360787,
  "cnr": 2.680035318324519,
  "efc": 0.6948682954617148,
  "fber": 1220.730224609375,
  "fwhm_avg": 3.607606666666667,
  "fwhm_x": 3.55044,
  "fwhm_y": 3.61565,
  "fwhm_z": 3.65673,
  "icvs_csf": 0.20280069732832542,
  "icvs_gm": 0.40163802990574726,
  "icvs_wm": 0.3955612727659273,
  "inu_med": 1.0311379432678223,
  "inu_range": 0.3334360659122466,
  "provenance": {
    "md5sum": "1e887fa9a5f5fcacda97d6a05222a3eb",
    "mriqc_pred": 0,
    "settings": {
      "testing": false
    },
    "software": "mriqc",
    "version": "0.9.6",
    "warnings": {
      "large_rot_frame": true,
      "small_air_mask": false
    }
  },
  "qi_1": 0.0,
  "qi_2": 0.005975586108471676,
  "rpve_csf": 14.498902152581945,
  "rpve_gm": 7.561935925908425,
  "rpve_wm": 9.493689627614115,
  "size_x": 160,
  "size_y": 195,
  "size_z": 200,
  "snr_csf": 2.7403873938297334,
  "snr_gm": 9.585701778391735,
  "snr_total": 10.336500112564863,
  "snr_wm": 18.683411165473117,
  "snrd_csf": 16.55849936269158,
  "snrd_gm": 39.27584340674291,
  "snrd_total": 36.19544873552105,
  "snrd_wm": 52.75200343712865,
  "spacing_x": 1.0,
  "spacing_y": 1.0,
  "spacing_z": 1.0,
  "summary_bg_k": 3.435027478657706,
  "summary_bg_mad": 12.419519424438477,
  "summary_bg_mean": 19.57131004333496,
  "summary_bg_median": 17.029563903808594,
  "summary_bg_n": 957000.0,
  "summary_bg_p05": 2.7754685640335084,
  "summary_bg_p95": 45.660084915161136,
  "summary_bg_stdv": 13.741732597351074,
  "summary_csf_k": 0.40903619683623704,
  "summary_csf_mad": 106.83102416992188,
  "summary_csf_mean": 334.14154052734375,
  "summary_csf_median": 313.9019775390625,
  "summary_csf_n": 12225.0,
  "summary_csf_p05": 181.3059020996094,
  "summary_csf_p95": 554.6722412109375,
  "summary_csf_stdv": 114.54188537597656,
  "summary_gm_k": 0.04427985204746232,
  "summary_gm_mad": 77.02360534667969,
  "summary_gm_mean": 747.5733032226562,
  "summary_gm_median": 744.55810546875,
  "summary_gm_n": 13598.0,
  "summary_gm_p05": 622.7564086914062,
  "summary_gm_p95": 880.5753540039062,
  "summary_gm_stdv": 77.67096710205078,
  "summary_wm_k": 0.46604746631690297,
  "summary_wm_mad": 51.77696990966797,
  "summary_wm_mean": 1001.7532958984375,
  "summary_wm_median": 1000.0277099609375,
  "summary_wm_n": 231349.0,
  "summary_wm_p05": 916.9214233398437,
  "summary_wm_p95": 1091.8471435546876,
  "summary_wm_stdv": 53.524784088134766,
  "tpm_overlap_csf": 0.22490458190441132,
  "tpm_overlap_gm": 0.4826798737049103,
  "tpm_overlap_wm": 0.5584607720375061,
  "wm2max": 0.4313358744526674
}