{
  "bids_meta": {
    "modality": "T1w",
    "session_id": "1",
    "subject_id": "tbi01"
  },
  "cjv": 0.3431805225731091,
  "cnr": 3.751923574152903,
  "efc": 0.78578540611566,
  "fber": 882.1133422851562,
  "fwhm_avg": 4.417183333333333,
  "fwhm_x": 4.41563,
  "fwhm_y": 4.3981,
  "fwhm_z": 4.43782,
  "icvs_csf": 0.2440756803531396,
  "icvs_gm": 0.404166355443869,
  "icvs_wm": 0.35175796420299144,
  "inu_med": 1.3620585203170776,
  "inu_range": 0.546247661113739,
  "provenance": {
    "md5sum": "eb96607d1b33182656fa32d46451edd0",
    "mriqc_pred": 0,
    "settings": {
      "testing": false
    },
    "software": "mriqc",
    "version": "0.9.6",
    "warnings": {
      "large_rot_frame": true,
      "small_air_mask": true
    }
  },
  "qi_1": 0.0,
  "qi_2": 0.0020982328296179024,
  "rpve_csf": 8.251937821179428,
  "rpve_gm": 4.833875877017165,
  "rpve_wm": 6.727207048434039,
  "size_x": 160,
  "size_y": 209,
  "size_z": 150,
  "snr_csf": 3.5778184966366897,
  "snr_gm": 7.813189388562601,
  "snr_total": 8.759587446062481,
  "snr_wm": 14.88775445298815,
  "snrd_csf": 13.098412690243796,
  "snrd_gm": 32.09928504283145,
  "snrd_total": 32.63223604503144,
  "snrd_wm": 52.69901040201906,
  "spacing_x": 1.0,
  "spacing_y": 1.0,
  "spacing_z": 1.0,
  "summary_bg_k": 18.428715870633717,
  "summary_bg_mad": 12.431846618652344,
  "summary_bg_mean": 13.996989250183105,
  "summary_bg_median": 9.471124649047852,
  "summary_bg_n": 90671.0,
  "summary_bg_p05": 0.0,
  "summary_bg_p95": 44.16446876525879,
  "summary_bg_stdv": 16.295265197753906,
  "summary_csf_k": 0.954627781565418,
  "summary_csf_mad": 62.10192108154297,
  "summary_csf_mean": 255.79708862304688,
  "summary_csf_median": 248.5550537109375,
  "summary_csf_n": 70610.0,
  "summary_csf_p05": 154.91943893432617,
  "summary_csf_p95": 382.79129638671884,
  "summary_csf_stdv": 69.47062683105469,
  "summary_gm_k": 0.16166562979398202,
  "summary_gm_mad": 75.73985290527344,
  "summary_gm_mean": 615.42919921875,
  "summary_gm_median": 609.114990234375,
  "summary_gm_n": 21921.0,
  "summary_gm_p05": 496.6432800292969,
  "summary_gm_p95": 752.3955688476562,
  "summary_gm_stdv": 77.95806121826172,
  "summary_wm_k": 3.006823628224641,
  "summary_wm_mad": 58.40931701660156,
  "summary_wm_mean": 1002.9331665039062,
  "summary_wm_median": 1000.0147094726562,
  "summary_wm_n": 236744.0,
  "summary_wm_p05": 900.3054260253906,
  "summary_wm_p95": 1114.8294555664063,
  "summary_wm_stdv": 67.1701431274414,
  "tpm_overlap_csf": 0.18991772830486298,
  "tpm_overlap_gm": 0.4623723328113556,
  "tpm_overlap_wm": 0.44939106702804565,
  "wm2max": 0.5231596184887773
}