{
  "bids_meta": {
    "modality": "T1w",
    "session_id": "1",
    "subject_id": "control04"
  },
  "cjv": 0.3669845362470514,
  "cnr": 3.4743182440446505,
  "efc": 0.7879007820456554,
  "fber": 1390.135498046875,
  "fwhm_avg": 4.240196750614847,
  "fwhm_x": 4.35504,
  "fwhm_y": 4.1403,
  "fwhm_z": 4.225250251844541,
  "icvs_csf": 0.2265912792367782,
  "icvs_gm": 0.4180007736154119,
  "icvs_wm": 0.3554079471478099,
  "inu_med": 1.0788853168487549,
  "inu_range": 0.5037563383579254,
  "provenance": {
    "md5sum": "2a04eb8307b25e5ca3901b8858388b19",
    "mriqc_pred": 0,
    "settings": {
      "testing": false
    },
    "software": "mriqc",
    "version": "0.9.6",
    "warnings": {
      "large_rot_frame": true,
      "small_air_mask": true
    }
  },
  "qi_1": 0.0,
  "qi_2": 0.00047748735876326786,
  "rpve_csf": 17.403313739607626,
  "rpve_gm": 9.828034704208788,
  "rpve_wm": 13.818801667841836,
  "size_x": 256,
  "size_y": 256,
  "size_z": 150,
  "snr_csf": 3.0340043455754313,
  "snr_gm": 8.324793532163037,
  "snr_total": 9.379214685315324,
  "snr_wm": 16.7788461782075,
  "snrd_csf": 15.14831327263035,
  "snrd_gm": 29.332202617149566,
  "snrd_total": 29.954017926545635,
  "snrd_wm": 45.381537889857,
  "spacing_x": 1.0,
  "spacing_y": 1.0,
  "spacing_z": 0.9999999403953552,
  "summary_bg_k": 217.81962843264841,
  "summary_bg_mad": 14.436273574829102,
  "summary_bg_mean": 19.784360885620117,
  "summary_bg_median": 14.850809097290039,
  "summary_bg_n": 166214.0,
  "summary_bg_p05": 0.0,
  "summary_bg_p95": 53.8940155029297,
  "summary_bg_stdv": 27.954992294311523,
  "summary_csf_k": 0.23995249826604947,
  "summary_csf_mad": 118.67028045654297,
  "summary_csf_mean": 337.8293151855469,
  "summary_csf_median": 333.801025390625,
  "summary_csf_n": 22553.0,
  "summary_csf_p05": 169.18694763183595,
  "summary_csf_p95": 516.4578002929684,
  "summary_csf_stdv": 110.01751708984375,
  "summary_gm_k": 0.17932117691769367,
  "summary_gm_mad": 74.88227081298828,
  "summary_gm_mean": 651.1932983398438,
  "summary_gm_median": 646.3504638671875,
  "summary_gm_n": 21788.0,
  "summary_gm_p05": 532.2230102539063,
  "summary_gm_p95": 789.1114196777341,
  "summary_gm_stdv": 77.63983917236328,
  "summary_wm_k": 1.0444042232835393,
  "summary_wm_mad": 54.90383529663086,
  "summary_wm_mean": 997.9327392578125,
  "summary_wm_median": 1000.0059814453125,
  "summary_wm_n": 241278.0,
  "summary_wm_p05": 896.5630401611329,
  "summary_wm_p95": 1090.8013244628908,
  "summary_wm_stdv": 59.59908676147461,
  "tpm_overlap_csf": 0.21269959211349487,
  "tpm_overlap_gm": 0.4999835193157196,
  "tpm_overlap_wm": 0.5421374440193176,
  "wm2max": 0.5453875646823092
}