{
  "bids_meta": {
    "modality": "T1w",
    "session_id": "3",
    "subject_id": "tbi12"
  },
  "cjv": 0.4005592265822957,
  "cnr": 3.2138732076306193,
  "efc": 0.6707823152553544,
  "fber": 1389.7156982421875,
  "fwhm_avg": 3.2835066666666664,
  "fwhm_x": 3.32783,
  "fwhm_y": 3.45289,
  "fwhm_z": 3.0698,
  "icvs_csf": 0.20651782234222532,
  "icvs_gm": 0.3930485106231701,
  "icvs_wm": 0.4004336670346046,
  "inu_med": 1.1379624605178833,
  "inu_range": 0.3671452879905701,
  "provenance": {
    "md5sum": "e7fa2b5bb3c1c4c86ab5242d6b23cf41",
    "mriqc_pred": 0,
    "settings": {
      "testing": false
    },
    "software": "mriqc",
    "version": "0.9.6",
    "warnings": {
      "large_rot_frame": true,
      "small_air_mask": false
    }
  },
  "qi_1": 0.0,
  "qi_2": 0.008292734111235139,
  "rpve_csf": 13.00235006732688,
  "rpve_gm": 6.973758759035902,
  "rpve_wm": 8.902995884903678,
  "size_x": 160,
  "size_y": 197,
  "size_z": 181,
  "snr_csf": 1.745916193801498,
  "snr_gm": 8.295335529632874,
  "snr_total": 9.894939917788358,
  "snr_wm": 19.643568029930705,
  "snrd_csf": 31.12721594002565,
  "snrd_gm": 54.143249445394325,
  "snrd_total": 54.72718478748013,
  "snrd_wm": 78.91108897702041,
  "spacing_x": 1.0,
  "spacing_y": 1.0,
  "spacing_z": 1.0,
  "summary_bg_k": 1349.1811307976886,
  "summary_bg_mad": 8.302081108093262,
  "summary_bg_mean": 15.849312782287598,
  "summary_bg_median": 14.262628555297852,
  "summary_bg_n": 1068013.0,
  "summary_bg_p05": 4.069503593444824,
  "summary_bg_p95": 33.18668289184566,
  "summary_bg_stdv": 10.26708984375,
  "summary_csf_k": 47.13989749472254,
  "summary_csf_mad": 128.9674072265625,
  "summary_csf_mean": 394.2816162109375,
  "summary_csf_median": 394.4532470703125,
  "summary_csf_n": 8872.0,
  "summary_csf_p05": 147.6370735168457,
  "summary_csf_p95": 572.1156799316406,
  "summary_csf_stdv": 225.91635131835938,
  "summary_gm_k": 0.29274684740258117,
  "summary_gm_mad": 77.1903305053711,
  "summary_gm_mean": 687.9824829101562,
  "summary_gm_median": 686.1192016601562,
  "summary_gm_n": 10233.0,
  "summary_gm_p05": 552.5496215820312,
  "summary_gm_p95": 827.9587768554687,
  "summary_gm_stdv": 82.70740509033203,
  "summary_wm_k": 0.5388763626302455,
  "summary_wm_mad": 48.531333923339844,
  "summary_wm_mean": 999.8611450195312,
  "summary_wm_median": 999.9845581054688,
  "summary_wm_n": 224737.0,
  "summary_wm_p05": 916.5843505859375,
  "summary_wm_p95": 1082.69814453125,
  "summary_wm_stdv": 50.906349182128906,
  "tpm_overlap_csf": 0.22189614176750183,
  "tpm_overlap_gm": 0.49770280718803406,
  "tpm_overlap_wm": 0.5872058272361755,
  "wm2max": 0.49495278993419284
}