{
  "bids_meta": {
    "modality": "T1w",
    "session_id": "1",
    "subject_id": "tbi04"
  },
  "cjv": 0.49089185445296635,
  "cnr": 2.7185074118448194,
  "efc": 0.6979536279865624,
  "fber": 1379.0550537109375,
  "fwhm_avg": 3.0478799999999997,
  "fwhm_x": 3.12486,
  "fwhm_y": 3.16327,
  "fwhm_z": 2.85551,
  "icvs_csf": 0.189620631669422,
  "icvs_gm": 0.4132926275521447,
  "icvs_wm": 0.3970867407784333,
  "inu_med": 1.081371784210205,
  "inu_range": 0.427408790588379,
  "provenance": {
    "md5sum": "fd57b6cc34c65e1076d7671eb6ef5b4f",
    "mriqc_pred": 0,
    "settings": {
      "testing": false
    },
    "software": "mriqc",
    "version": "0.9.6",
    "warnings": {
      "large_rot_frame": true,
      "small_air_mask": false
    }
  },
  "qi_1": 0.0,
  "qi_2": 0.008612372292597632,
  "rpve_csf": 12.876505943307242,
  "rpve_gm": 6.220061247691711,
  "rpve_wm": 7.967379683576301,
  "size_x": 160,
  "size_y": 209,
  "size_z": 175,
  "snr_csf": 3.1512248365008837,
  "snr_gm": 8.277791939857034,
  "snr_total": 8.873130459118459,
  "snr_wm": 15.190374600997464,
  "snrd_csf": 26.693643943271674,
  "snrd_gm": 42.29137904028202,
  "snrd_total": 43.01060368812927,
  "snrd_wm": 60.04678808083413,
  "spacing_x": 1.0,
  "spacing_y": 1.0,
  "spacing_z": 1.0,
  "summary_bg_k": 1267.880333395055,
  "summary_bg_mad": 10.9104642868042,
  "summary_bg_mean": 18.5516357421875,
  "summary_bg_median": 16.187456130981445,
  "summary_bg_n": 1107683.0,
  "summary_bg_p05": 3.1063555479049683,
  "summary_bg_p95": 42.82239913940428,
  "summary_bg_stdv": 16.08129119873047,
  "summary_csf_k": 2.093605956478604,
  "summary_csf_mad": 133.2875213623047,
  "summary_csf_mean": 432.32012939453125,
  "summary_csf_median": 444.5487365722656,
  "summary_csf_n": 4017.0,
  "summary_csf_p05": 175.9619140625,
  "summary_csf_p95": 638.4384765624998,
  "summary_csf_stdv": 141.05416870117188,
  "summary_gm_k": 0.16361664076023485,
  "summary_gm_mad": 80.924072265625,
  "summary_gm_mean": 704.8617553710938,
  "summary_gm_median": 704.3092041015625,
  "summary_gm_n": 11601.0,
  "summary_gm_p05": 563.9824829101562,
  "summary_gm_p95": 848.1356201171875,
  "summary_gm_stdv": 85.08052062988281,
  "summary_wm_k": 0.2322768479310069,
  "summary_wm_mad": 64.22959899902344,
  "summary_wm_mean": 1000.43408203125,
  "summary_wm_median": 1000.0029907226562,
  "summary_wm_n": 229793.0,
  "summary_wm_p05": 893.1717407226563,
  "summary_wm_p95": 1109.1089111328124,
  "summary_wm_stdv": 65.83121490478516,
  "tpm_overlap_csf": 0.19334685802459717,
  "tpm_overlap_gm": 0.4911746382713318,
  "tpm_overlap_wm": 0.5628425478935242,
  "wm2max": 0.4652408689381651
}