{
  "bids_meta": {
    "modality": "T1w",
    "session_id": "1",
    "subject_id": "tbi02"
  },
  "cjv": 0.35260309717714583,
  "cnr": 3.642653850893817,
  "efc": 0.6827264528685885,
  "fber": 1286.6275634765625,
  "fwhm_avg": 3.22531,
  "fwhm_x": 3.34558,
  "fwhm_y": 3.33386,
  "fwhm_z": 2.99649,
  "icvs_csf": 0.19275029358040952,
  "icvs_gm": 0.40204691544702004,
  "icvs_wm": 0.40520279097257045,
  "inu_med": 1.0154474973678589,
  "inu_range": 0.3323383927345276,
  "provenance": {
    "md5sum": "1b68b5e4feb73d4d6f538efca481807d",
    "mriqc_pred": 0,
    "settings": {
      "testing": false
    },
    "software": "mriqc",
    "version": "0.9.6",
    "warnings": {
      "large_rot_frame": true,
      "small_air_mask": false
    }
  },
  "qi_1": 0.0,
  "qi_2": 0.005565646917879775,
  "rpve_csf": 14.274731440580272,
  "rpve_gm": 7.213775800358961,
  "rpve_wm": 9.199815100507369,
  "size_x": 160,
  "size_y": 188,
  "size_z": 189,
  "snr_csf": 2.239422286411829,
  "snr_gm": 8.35771457911268,
  "snr_total": 9.933972009434925,
  "snr_wm": 19.204779162780266,
  "snrd_csf": 19.80886382004354,
  "snrd_gm": 45.49084762910283,
  "snrd_total": 44.9859961384196,
  "snrd_wm": 69.65827696611241,
  "spacing_x": 1.0,
  "spacing_y": 1.0,
  "spacing_z": 1.0,
  "summary_bg_k": 1199.681333673832,
  "summary_bg_mad": 9.404784202575684,
  "summary_bg_mean": 16.396100997924805,
  "summary_bg_median": 13.925989151000977,
  "summary_bg_n": 971302.0,
  "summary_bg_p05": 2.567606258392334,
  "summary_bg_p95": 37.70716934204101,
  "summary_bg_stdv": 15.974319458007812,
  "summary_csf_k": 0.08764048733559848,
  "summary_csf_mad": 144.093994140625,
  "summary_csf_mean": 297.53692626953125,
  "summary_csf_median": 284.3653564453125,
  "summary_csf_n": 5442.0,
  "summary_csf_p05": 121.29791412353516,
  "summary_csf_p95": 509.02954254150393,
  "summary_csf_stdv": 126.96990203857422,
  "summary_gm_k": 0.3805876558435437,
  "summary_gm_mad": 72.76736450195312,
  "summary_gm_mean": 652.8036499023438,
  "summary_gm_median": 653.0420532226562,
  "summary_gm_n": 10552.0,
  "summary_gm_p05": 523.4951202392579,
  "summary_gm_p95": 783.5760253906249,
  "summary_gm_stdv": 78.13273620605469,
  "summary_wm_k": 0.527859219657044,
  "summary_wm_mad": 49.56283950805664,
  "summary_wm_mean": 999.3988037109375,
  "summary_wm_median": 999.9766235351562,
  "summary_wm_n": 209504.0,
  "summary_wm_p05": 913.4438079833985,
  "summary_wm_p95": 1083.0876037597657,
  "summary_wm_stdv": 52.06903076171875,
  "tpm_overlap_csf": 0.2252374291419983,
  "tpm_overlap_gm": 0.5004676580429077,
  "tpm_overlap_wm": 0.5762649774551392,
  "wm2max": 0.5469867619027553
}