{
  "bids_meta": {
    "modality": "T1w",
    "session_id": "3",
    "subject_id": "tbi06"
  },
  "cjv": 0.37468663068019986,
  "cnr": 3.532115546540706,
  "efc": 0.7113062120461413,
  "fber": 1023.1965942382812,
  "fwhm_avg": 3.162646666666667,
  "fwhm_x": 3.3003,
  "fwhm_y": 3.26104,
  "fwhm_z": 2.9266,
  "icvs_csf": 0.18544522769608474,
  "icvs_gm": 0.44076670712385996,
  "icvs_wm": 0.37378806518005536,
  "inu_med": 1.04884934425354,
  "inu_range": 0.37338210344314593,
  "provenance": {
    "md5sum": "7d6e1aa15d8079e1927d745ec8e5002f",
    "mriqc_pred": 0,
    "settings": {
      "testing": false
    },
    "software": "mriqc",
    "version": "0.9.6",
    "warnings": {
      "large_rot_frame": true,
      "small_air_mask": false
    }
  },
  "qi_1": 0.0,
  "qi_2": 0.0075250891003453444,
  "rpve_csf": 12.822344262583112,
  "rpve_gm": 5.934177559784479,
  "rpve_wm": 8.468570006399773,
  "size_x": 160,
  "size_y": 191,
  "size_z": 170,
  "snr_csf": 2.094705238628578,
  "snr_gm": 8.239216946532213,
  "snr_total": 8.908219590472804,
  "snr_wm": 16.39073658625762,
  "snrd_csf": 17.766547518060474,
  "snrd_gm": 39.267982823208705,
  "snrd_total": 39.320936772012224,
  "snrd_wm": 60.92827997476749,
  "spacing_x": 1.0,
  "spacing_y": 1.0,
  "spacing_z": 1.0,
  "summary_bg_k": 1458.2815700922658,
  "summary_bg_mad": 10.752593994140625,
  "summary_bg_mean": 18.45836639404297,
  "summary_bg_median": 15.798391342163086,
  "summary_bg_n": 912184.0,
  "summary_bg_p05": 2.9100385785102842,
  "summary_bg_p95": 42.524676895141596,
  "summary_bg_stdv": 17.020294189453125,
  "summary_csf_k": -0.11451470993348911,
  "summary_csf_mad": 156.02622985839844,
  "summary_csf_mean": 309.4068298339844,
  "summary_csf_median": 291.5980224609375,
  "summary_csf_n": 4124.0,
  "summary_csf_p05": 114.72834510803224,
  "summary_csf_p95": 544.7122161865233,
  "summary_csf_stdv": 139.1903076171875,
  "summary_gm_k": 0.2954632246987754,
  "summary_gm_mad": 75.66546630859375,
  "summary_gm_mean": 645.20166015625,
  "summary_gm_median": 644.495849609375,
  "summary_gm_n": 13840.0,
  "summary_gm_p05": 516.2620910644531,
  "summary_gm_p95": 774.5135864257812,
  "summary_gm_stdv": 78.22012329101562,
  "summary_wm_k": 0.5502204973345792,
  "summary_wm_mad": 57.537574768066406,
  "summary_wm_mean": 999.1708374023438,
  "summary_wm_median": 1000.0010375976562,
  "summary_wm_n": 187712.0,
  "summary_wm_p05": 897.7712890625,
  "summary_wm_p95": 1097.2162048339842,
  "summary_wm_stdv": 61.009971618652344,
  "tpm_overlap_csf": 0.21765998005867004,
  "tpm_overlap_gm": 0.513740599155426,
  "tpm_overlap_wm": 0.5558939576148987,
  "wm2max": 0.508448282445202
}