{
  "bids_meta": {
    "modality": "T1w",
    "session_id": "2",
    "subject_id": "tbi11"
  },
  "cjv": 0.504873098952506,
  "cnr": 2.7014601253213057,
  "efc": 0.6976108270737195,
  "fber": 1186.3499755859375,
  "fwhm_avg": 3.1632599999999997,
  "fwhm_x": 3.14577,
  "fwhm_y": 3.34891,
  "fwhm_z": 2.9951,
  "icvs_csf": 0.18635336690425897,
  "icvs_gm": 0.421304210582414,
  "icvs_wm": 0.392342422513327,
  "inu_med": 1.0572556257247925,
  "inu_range": 0.3829754739999771,
  "provenance": {
    "md5sum": "3741d5b6a718bf6da54d1ade4430531d",
    "mriqc_pred": 0,
    "settings": {
      "testing": false
    },
    "software": "mriqc",
    "version": "0.9.6",
    "warnings": {
      "large_rot_frame": true,
      "small_air_mask": false
    }
  },
  "qi_1": 0.0,
  "qi_2": 0.02919768441854026,
  "rpve_csf": 12.78939792948301,
  "rpve_gm": 6.02562491905854,
  "rpve_wm": 7.7873154381583145,
  "size_x": 160,
  "size_y": 208,
  "size_z": 183,
  "snr_csf": 1.930094235623795,
  "snr_gm": 7.659793128093998,
  "snr_total": 8.03683390598079,
  "snr_wm": 14.520614354224579,
  "snrd_csf": 15.987901157102511,
  "snrd_gm": 41.403334436454294,
  "snrd_total": 39.08789950276266,
  "snrd_wm": 59.87246291473117,
  "spacing_x": 1.0,
  "spacing_y": 1.0,
  "spacing_z": 1.0,
  "summary_bg_k": 58.13731578044772,
  "summary_bg_mad": 10.942646026611328,
  "summary_bg_mean": 17.175085067749023,
  "summary_bg_median": 15.210599899291992,
  "summary_bg_n": 966168.0,
  "summary_bg_p05": 3.000178074836731,
  "summary_bg_p95": 39.958185195922844,
  "summary_bg_stdv": 12.093207359313965,
  "summary_csf_k": 21.454910114651156,
  "summary_csf_mad": 129.65489196777344,
  "summary_csf_mean": 294.5209045410156,
  "summary_csf_median": 267.0435485839844,
  "summary_csf_n": 10136.0,
  "summary_csf_p05": 121.55642700195312,
  "summary_csf_p95": 540.156005859375,
  "summary_csf_stdv": 138.3509521484375,
  "summary_gm_k": 0.060867318873106147,
  "summary_gm_mad": 88.35138702392578,
  "summary_gm_mean": 694.6118774414062,
  "summary_gm_median": 691.5537719726562,
  "summary_gm_n": 15980.0,
  "summary_gm_p05": 550.6387420654297,
  "summary_gm_p95": 849.4160705566406,
  "summary_gm_stdv": 90.2807846069336,
  "summary_wm_k": 0.2491895898946579,
  "summary_wm_mad": 67.39546203613281,
  "summary_wm_mean": 999.9802856445312,
  "summary_wm_median": 1000.0408935546875,
  "summary_wm_n": 232040.0,
  "summary_wm_p05": 887.4007781982422,
  "summary_wm_p95": 1113.0087951660155,
  "summary_wm_stdv": 68.87027740478516,
  "tpm_overlap_csf": 0.21124741435050964,
  "tpm_overlap_gm": 0.4817865788936615,
  "tpm_overlap_wm": 0.5507487654685974,
  "wm2max": 0.4823026002386638
}