{
  "bids_meta": {
    "modality": "T1w",
    "session_id": "1",
    "subject_id": "control02"
  },
  "cjv": 0.3257674992148749,
  "cnr": 3.888293340974586,
  "efc": 0.6608958824089065,
  "fber": 9831.6953125,
  "fwhm_avg": 3.4593098633444477,
  "fwhm_x": 3.67511,
  "fwhm_y": 3.4390495900333415,
  "fwhm_z": 3.26377,
  "icvs_csf": 0.15227532780739286,
  "icvs_gm": 0.4879966830083105,
  "icvs_wm": 0.35972798918429666,
  "inu_med": 1.221510887145996,
  "inu_range": 0.494736850261688,
  "provenance": {
    "md5sum": "6344d34a4d10ad6f805b20b8d53d5ab0",
    "mriqc_pred": 0,
    "settings": {
      "testing": false
    },
    "software": "mriqc",
    "version": "0.9.6",
    "warnings": {
      "large_rot_frame": true,
      "small_air_mask": false
    }
  },
  "qi_1": 0.00012290066397604478,
  "qi_2": 0.0006941567714585824,
  "rpve_csf": 32.48904929811722,
  "rpve_gm": 11.866907153125222,
  "rpve_wm": 17.627014230856112,
  "size_x": 256,
  "size_y": 256,
  "size_z": 150,
  "snr_csf": 0.6340478363547855,
  "snr_gm": 8.539366694428915,
  "snr_total": 8.323233346123807,
  "snr_wm": 15.79628550758772,
  "snrd_csf": 22.5354141365602,
  "snrd_gm": 44.74816122341042,
  "snrd_total": 46.75087031353441,
  "snrd_wm": 72.9690355806326,
  "spacing_x": 1.0,
  "spacing_y": 1.0000001192092896,
  "spacing_z": 1.0,
  "summary_bg_k": 312.0721213849323,
  "summary_bg_mad": 8.9783296585083,
  "summary_bg_mean": 14.050902366638184,
  "summary_bg_median": 8.957730293273926,
  "summary_bg_n": 589407.0,
  "summary_bg_p05": 0.0,
  "summary_bg_p95": 43.89875564575195,
  "summary_bg_stdv": 26.993711471557617,
  "summary_csf_k": 36.87393126691037,
  "summary_csf_mad": 111.20014190673828,
  "summary_csf_mean": 396.9375915527344,
  "summary_csf_median": 308.8370361328125,
  "summary_csf_n": 4487.0,
  "summary_csf_p05": 170.57745971679688,
  "summary_csf_p95": 568.1891967773435,
  "summary_csf_stdv": 487.03363037109375,
  "summary_gm_k": 0.26051893988840247,
  "summary_gm_mad": 68.51374816894531,
  "summary_gm_mean": 618.0440063476562,
  "summary_gm_median": 613.2520751953125,
  "summary_gm_n": 30048.0,
  "summary_gm_p05": 508.0724243164062,
  "summary_gm_p95": 743.6866638183593,
  "summary_gm_stdv": 71.81350708007812,
  "summary_wm_k": 1.1856710584399615,
  "summary_wm_mad": 57.47798538208008,
  "summary_wm_mean": 997.4654541015625,
  "summary_wm_median": 1000.005615234375,
  "summary_wm_n": 165778.0,
  "summary_wm_p05": 889.541424560547,
  "summary_wm_p95": 1094.077899169922,
  "summary_wm_stdv": 63.30618667602539,
  "tpm_overlap_csf": 0.2114720493555069,
  "tpm_overlap_gm": 0.5370544195175171,
  "tpm_overlap_wm": 0.5435665249824524,
  "wm2max": 0.49495392937206495
}