{
  "bids_meta": {
    "modality": "T1w",
    "session_id": "1",
    "subject_id": "control06"
  },
  "cjv": 0.3015445081083696,
  "cnr": 4.253305333839582,
  "efc": 0.7074033125410121,
  "fber": 3545.94580078125,
  "fwhm_avg": 3.93756,
  "fwhm_x": 4.18353,
  "fwhm_y": 3.94507,
  "fwhm_z": 3.68408,
  "icvs_csf": 0.19179065115543653,
  "icvs_gm": 0.46005459358026257,
  "icvs_wm": 0.3481547552643009,
  "inu_med": 1.2785911560058594,
  "inu_range": 0.5022015094757077,
  "provenance": {
    "md5sum": "fbbf8ba286ac6e507b4a23e8ce449083",
    "mriqc_pred": 0,
    "settings": {
      "testing": false
    },
    "software": "mriqc",
    "version": "0.9.6",
    "warnings": {
      "large_rot_frame": true,
      "small_air_mask": false
    }
  },
  "qi_1": 4.540184121928391e-05,
  "qi_2": 0.0004103872117121545,
  "rpve_csf": 23.545911128835392,
  "rpve_gm": 11.032593903413632,
  "rpve_wm": 16.54679731064373,
  "size_x": 256,
  "size_y": 256,
  "size_z": 150,
  "snr_csf": 2.8155530115723884,
  "snr_gm": 8.886954588714069,
  "snr_total": 9.357336752710344,
  "snr_wm": 16.369502657844578,
  "snrd_csf": 19.79993794597959,
  "snrd_gm": 44.26338819268702,
  "snrd_total": 45.790556014351274,
  "snrd_wm": 73.30834190438723,
  "spacing_x": 1.0,
  "spacing_y": 1.0,
  "spacing_z": 1.0,
  "summary_bg_k": 213.6217225230619,
  "summary_bg_mad": 8.936717987060547,
  "summary_bg_mean": 14.933754920959473,
  "summary_bg_median": 9.552104949951172,
  "summary_bg_n": 540654.0,
  "summary_bg_p05": 0.0,
  "summary_bg_p95": 46.8349826812744,
  "summary_bg_stdv": 18.15055274963379,
  "summary_csf_k": 5.601022411811412,
  "summary_csf_mad": 86.9518051147461,
  "summary_csf_mean": 286.1800231933594,
  "summary_csf_median": 270.0910339355469,
  "summary_csf_n": 11415.0,
  "summary_csf_p05": 155.36375732421874,
  "summary_csf_p95": 458.2886260986328,
  "summary_csf_stdv": 95.92403411865234,
  "summary_gm_k": 0.2528672001579704,
  "summary_gm_mad": 64.86194610595703,
  "summary_gm_mean": 608.111572265625,
  "summary_gm_median": 603.7970581054688,
  "summary_gm_n": 23969.0,
  "summary_gm_p05": 503.5561828613281,
  "summary_gm_p95": 728.3338256835937,
  "summary_gm_stdv": 67.94053649902344,
  "summary_wm_k": 1.3593794285757772,
  "summary_wm_mad": 54.61069107055664,
  "summary_wm_mean": 997.3871459960938,
  "summary_wm_median": 999.9993896484375,
  "summary_wm_n": 189182.0,
  "summary_wm_p05": 892.0705871582031,
  "summary_wm_p95": 1090.763720703125,
  "summary_wm_stdv": 61.089012145996094,
  "tpm_overlap_csf": 0.23339861631393433,
  "tpm_overlap_gm": 0.5326716303825378,
  "tpm_overlap_wm": 0.5504984259605408,
  "wm2max": 0.49964658707301984
}