{
  "bids_meta": {
    "modality": "T1w",
    "session_id": "3",
    "subject_id": "tbi08"
  },
  "cjv": 0.43535397763371225,
  "cnr": 3.0333908709443107,
  "efc": 0.6696865599166573,
  "fber": 1390.8187255859375,
  "fwhm_avg": 3.22786,
  "fwhm_x": 3.27301,
  "fwhm_y": 3.37834,
  "fwhm_z": 3.03223,
  "icvs_csf": 0.18559692605752645,
  "icvs_gm": 0.4095152746297476,
  "icvs_wm": 0.4048877993127259,
  "inu_med": 1.0110447406768799,
  "inu_range": 0.34373667240142813,
  "provenance": {
    "md5sum": "1c61775b3fbc778cd31d526edf3c56ee",
    "mriqc_pred": 0,
    "settings": {
      "testing": false
    },
    "software": "mriqc",
    "version": "0.9.6",
    "warnings": {
      "large_rot_frame": true,
      "small_air_mask": false
    }
  },
  "qi_1": 0.0,
  "qi_2": 0.007327908748782244,
  "rpve_csf": 13.046942252872821,
  "rpve_gm": 6.292324738406196,
  "rpve_wm": 8.032497062697162,
  "size_x": 160,
  "size_y": 195,
  "size_z": 158,
  "snr_csf": 2.696422444173843,
  "snr_gm": 8.803532136328933,
  "snr_total": 9.904374570601243,
  "snr_wm": 18.21316913130095,
  "snrd_csf": 23.678607085404153,
  "snrd_gm": 40.437174086600436,
  "snrd_total": 40.549269121130294,
  "snrd_wm": 57.5320261913863,
  "spacing_x": 1.0,
  "spacing_y": 1.0,
  "spacing_z": 1.0,
  "summary_bg_k": 10.654941217373867,
  "summary_bg_mad": 11.387399673461914,
  "summary_bg_mean": 19.21234703063965,
  "summary_bg_median": 16.280296325683594,
  "summary_bg_n": 1079794.0,
  "summary_bg_p05": 3.051987111568451,
  "summary_bg_p95": 46.25710144042968,
  "summary_bg_stdv": 14.38469409942627,
  "summary_csf_k": -0.1576704399996176,
  "summary_csf_mad": 165.003662109375,
  "summary_csf_mean": 387.7102966308594,
  "summary_csf_median": 411.57501220703125,
  "summary_csf_n": 3330.0,
  "summary_csf_p05": 137.61234588623046,
  "summary_csf_p95": 604.7747924804687,
  "summary_csf_stdv": 152.61451721191406,
  "summary_gm_k": 0.25000202919134296,
  "summary_gm_mad": 76.22415924072266,
  "summary_gm_mean": 707.2186889648438,
  "summary_gm_median": 702.8677978515625,
  "summary_gm_n": 12167.0,
  "summary_gm_p05": 582.2701477050781,
  "summary_gm_p95": 847.5458251953124,
  "summary_gm_stdv": 79.83601379394531,
  "summary_wm_k": 0.3119810437409587,
  "summary_wm_mad": 53.136051177978516,
  "summary_wm_mean": 1000.2857666015625,
  "summary_wm_median": 1000.0057983398438,
  "summary_wm_n": 209213.0,
  "summary_wm_p05": 910.8740600585937,
  "summary_wm_p95": 1090.832421875,
  "summary_wm_stdv": 54.905513763427734,
  "tpm_overlap_csf": 0.2038867175579071,
  "tpm_overlap_gm": 0.4888082444667816,
  "tpm_overlap_wm": 0.5558847784996033,
  "wm2max": 0.47034943354629205
}