{
  "bids_meta": {
    "modality": "T1w",
    "session_id": "2",
    "subject_id": "control09"
  },
  "cjv": 0.55761239417283,
  "cnr": 2.45206680011533,
  "efc": 0.6882407987395573,
  "fber": 723.700439453125,
  "fwhm_avg": 3.3457033333333333,
  "fwhm_x": 3.26462,
  "fwhm_y": 3.35961,
  "fwhm_z": 3.41288,
  "icvs_csf": 0.18530606858128468,
  "icvs_gm": 0.4446298286462776,
  "icvs_wm": 0.37006410277243773,
  "inu_med": 1.3085055351257324,
  "inu_range": 0.30726935863494886,
  "provenance": {
    "md5sum": "a2841c49bc2c721bed9f17a2447db146",
    "mriqc_pred": 0,
    "settings": {
      "testing": false
    },
    "software": "mriqc",
    "version": "0.9.6",
    "warnings": {
      "large_rot_frame": true,
      "small_air_mask": false
    }
  },
  "qi_1": 0.0,
  "qi_2": 0.009502519815605327,
  "rpve_csf": 19.805796966343493,
  "rpve_gm": 9.075283302183893,
  "rpve_wm": 12.719711883641754,
  "size_x": 160,
  "size_y": 208,
  "size_z": 200,
  "snr_csf": 3.0788664961182213,
  "snr_gm": 10.753640757247792,
  "snr_total": 9.56279067879133,
  "snr_wm": 14.855864783007977,
  "snrd_csf": 16.33368136901433,
  "snrd_gm": 31.251189257054282,
  "snrd_total": 29.624169176714627,
  "snrd_wm": 41.28763690407526,
  "spacing_x": 1.0,
  "spacing_y": 1.0,
  "spacing_z": 1.0,
  "summary_bg_k": 6.525012823253826,
  "summary_bg_mad": 15.86789321899414,
  "summary_bg_mean": 25.017667770385742,
  "summary_bg_median": 20.890830993652344,
  "summary_bg_n": 922320.0,
  "summary_bg_p05": 0.0,
  "summary_bg_p95": 58.24010677337646,
  "summary_bg_stdv": 18.513080596923828,
  "summary_csf_k": -0.7040155704427202,
  "summary_csf_mad": 154.492919921875,
  "summary_csf_mean": 406.9563293457031,
  "summary_csf_median": 395.6139831542969,
  "summary_csf_n": 6492.0,
  "summary_csf_p05": 211.8567970275879,
  "summary_csf_p95": 611.75341796875,
  "summary_csf_stdv": 128.48348999023438,
  "summary_gm_k": -0.038423703694850264,
  "summary_gm_mad": 69.8868179321289,
  "summary_gm_mean": 758.0156860351562,
  "summary_gm_median": 756.9271850585938,
  "summary_gm_n": 15693.0,
  "summary_gm_p05": 643.3924316406251,
  "summary_gm_p95": 876.3651977539063,
  "summary_gm_stdv": 70.38574981689453,
  "summary_wm_k": 0.2429005517919638,
  "summary_wm_mad": 65.663330078125,
  "summary_wm_mean": 1003.313720703125,
  "summary_wm_median": 1000.0174560546875,
  "summary_wm_n": 158440.0,
  "summary_wm_p05": 898.5412170410157,
  "summary_wm_p95": 1119.2679443359375,
  "summary_wm_stdv": 67.31444549560547,
  "tpm_overlap_csf": 0.22507606446743011,
  "tpm_overlap_gm": 0.5243954062461853,
  "tpm_overlap_wm": 0.5642504096031189,
  "wm2max": 0.4077238727589817
}