{
  "bids_meta": {
    "modality": "T1w",
    "session_id": "1",
    "subject_id": "control10"
  },
  "cjv": 0.6641819946787372,
  "cnr": 2.0969091456646476,
  "efc": 0.7162756516296448,
  "fber": 731.410888671875,
  "fwhm_avg": 3.4328266666666667,
  "fwhm_x": 3.40043,
  "fwhm_y": 3.42183,
  "fwhm_z": 3.47622,
  "icvs_csf": 0.21403213783643954,
  "icvs_gm": 0.4034432440489015,
  "icvs_wm": 0.382524618114659,
  "inu_med": 1.0743744373321533,
  "inu_range": 0.4232842534780503,
  "provenance": {
    "md5sum": "91bed00dadfb7c036cd7bbd7ba5bf7bd",
    "mriqc_pred": 0,
    "settings": {
      "testing": false
    },
    "software": "mriqc",
    "version": "0.9.6",
    "warnings": {
      "large_rot_frame": true,
      "small_air_mask": false
    }
  },
  "qi_1": 0.0,
  "qi_2": 0.008437041183067956,
  "rpve_csf": 15.582547276459895,
  "rpve_gm": 8.339157954521808,
  "rpve_wm": 10.62955314540311,
  "size_x": 160,
  "size_y": 218,
  "size_z": 200,
  "snr_csf": 2.2225621267182585,
  "snr_gm": 9.288132677813106,
  "snr_total": 8.14780637143492,
  "snr_wm": 12.932724309773397,
  "snrd_csf": 15.364644114964587,
  "snrd_gm": 32.915349513009126,
  "snrd_total": 30.521775445210228,
  "snrd_wm": 43.28533270765698,
  "spacing_x": 1.0,
  "spacing_y": 1.0,
  "spacing_z": 1.0,
  "summary_bg_k": 4.417892587009247,
  "summary_bg_mad": 15.136165618896484,
  "summary_bg_mean": 25.651321411132812,
  "summary_bg_median": 21.200801849365234,
  "summary_bg_n": 1038256.0,
  "summary_bg_p05": 3.780378997325897,
  "summary_bg_p95": 62.69876766204834,
  "summary_bg_stdv": 19.291912078857422,
  "summary_csf_k": 36.34713012321533,
  "summary_csf_mad": 125.57334899902344,
  "summary_csf_mean": 375.38018798828125,
  "summary_csf_median": 354.9822692871094,
  "summary_csf_n": 15714.0,
  "summary_csf_p05": 187.17085113525394,
  "summary_csf_p95": 606.5398468017577,
  "summary_csf_stdv": 159.71250915527344,
  "summary_gm_k": -0.06681797029495584,
  "summary_gm_mad": 82.13850402832031,
  "summary_gm_mean": 761.2784423828125,
  "summary_gm_median": 760.470947265625,
  "summary_gm_n": 9960.0,
  "summary_gm_p05": 628.4526641845704,
  "summary_gm_p95": 898.0124694824218,
  "summary_gm_stdv": 81.8714370727539,
  "summary_wm_k": 0.24374392916185217,
  "summary_wm_mad": 76.99048614501953,
  "summary_wm_mean": 1004.4474487304688,
  "summary_wm_median": 1000.057373046875,
  "summary_wm_n": 205108.0,
  "summary_wm_p05": 885.858364868164,
  "summary_wm_p95": 1137.7677795410157,
  "summary_wm_stdv": 77.32747650146484,
  "tpm_overlap_csf": 0.2261655032634735,
  "tpm_overlap_gm": 0.4868791699409485,
  "tpm_overlap_wm": 0.5620549917221069,
  "wm2max": 0.40012337006432813
}