{
  "bids_meta": {
    "modality": "T1w",
    "session_id": "2",
    "subject_id": "tbi09"
  },
  "cjv": 0.39202981671755716,
  "cnr": 3.3908419524342186,
  "efc": 0.5490066687219871,
  "fber": 2188.0849609375,
  "fwhm_avg": 3.158246666666667,
  "fwhm_x": 3.17895,
  "fwhm_y": 3.32615,
  "fwhm_z": 2.96964,
  "icvs_csf": 0.20004500528495953,
  "icvs_gm": 0.42388330605454416,
  "icvs_wm": 0.37607168866049634,
  "inu_med": 1.1362783908843994,
  "inu_range": 0.3567761778831482,
  "provenance": {
    "md5sum": "78c47bb57bbcec7e28b5606b694544d3",
    "mriqc_pred": 0,
    "settings": {
      "testing": false
    },
    "software": "mriqc",
    "version": "0.9.6",
    "warnings": {
      "large_rot_frame": true,
      "small_air_mask": false
    }
  },
  "qi_1": 0.0,
  "qi_2": 0.023984708618048432,
  "rpve_csf": 26.439841532429185,
  "rpve_gm": 13.254922206687787,
  "rpve_wm": 18.080842263909823,
  "size_x": 160,
  "size_y": 256,
  "size_z": 256,
  "snr_csf": 3.995187112190348,
  "snr_gm": 8.835272662054372,
  "snr_total": 10.042139354426697,
  "snr_wm": 17.29595828903537,
  "snrd_csf": 31.265392216461045,
  "snrd_gm": 51.11693173264216,
  "snrd_total": 52.751856419174715,
  "snrd_wm": 75.87324530842095,
  "spacing_x": 1.0,
  "spacing_y": 1.0,
  "spacing_z": 1.0,
  "summary_bg_k": 4.924917832304371,
  "summary_bg_mad": 8.634514808654785,
  "summary_bg_mean": 13.794075012207031,
  "summary_bg_median": 11.471373558044434,
  "summary_bg_n": 3042167.0,
  "summary_bg_p05": 2.450993371009827,
  "summary_bg_p95": 32.99225769042969,
  "summary_bg_stdv": 10.130619049072266,
  "summary_csf_k": 1.059772794201006,
  "summary_csf_mad": 88.3583755493164,
  "summary_csf_mean": 404.7781677246094,
  "summary_csf_median": 412.06915283203125,
  "summary_csf_n": 5070.0,
  "summary_csf_p05": 210.63405609130862,
  "summary_csf_p95": 559.6965759277344,
  "summary_csf_stdv": 103.13121795654297,
  "summary_gm_k": 0.13813644501158162,
  "summary_gm_mad": 72.82686614990234,
  "summary_gm_mean": 673.8309936523438,
  "summary_gm_median": 673.7069091796875,
  "summary_gm_n": 9922.0,
  "summary_gm_p05": 546.8404418945313,
  "summary_gm_p95": 801.1338317871091,
  "summary_gm_stdv": 76.24812316894531,
  "summary_wm_k": 0.46615709901791114,
  "summary_wm_mad": 55.08513641357422,
  "summary_wm_mean": 998.25537109375,
  "summary_wm_median": 999.9882202148438,
  "summary_wm_n": 181566.0,
  "summary_wm_p05": 900.67919921875,
  "summary_wm_p95": 1089.674560546875,
  "summary_wm_stdv": 57.81613540649414,
  "tpm_overlap_csf": 0.1879577338695526,
  "tpm_overlap_gm": 0.5004020929336548,
  "tpm_overlap_wm": 0.5647876858711243,
  "wm2max": 0.5057785242399374
}