{
  "bids_meta": {
    "modality": "T1w",
    "session_id": "2",
    "subject_id": "tbi06"
  },
  "cjv": 0.37975566010359313,
  "cnr": 3.5153476636404504,
  "efc": 0.7136649309414788,
  "fber": 1151.4093017578125,
  "fwhm_avg": 3.34613,
  "fwhm_x": 3.43776,
  "fwhm_y": 3.48824,
  "fwhm_z": 3.11239,
  "icvs_csf": 0.21444601984821074,
  "icvs_gm": 0.41448205290854356,
  "icvs_wm": 0.37107192724324567,
  "inu_med": 1.0371387004852295,
  "inu_range": 0.37475029528141024,
  "provenance": {
    "md5sum": "70edf8ee91ed833a681b47e0697d5a12",
    "mriqc_pred": 0,
    "settings": {
      "testing": false
    },
    "software": "mriqc",
    "version": "0.9.6",
    "warnings": {
      "large_rot_frame": true,
      "small_air_mask": false
    }
  },
  "qi_1": 0.0,
  "qi_2": 0.011244511337691875,
  "rpve_csf": 11.856840698851228,
  "rpve_gm": 6.312339756645756,
  "rpve_wm": 8.927656553194248,
  "size_x": 160,
  "size_y": 189,
  "size_z": 180,
  "snr_csf": 2.6380099635725225,
  "snr_gm": 8.755593448026286,
  "snr_total": 9.217337817271245,
  "snr_wm": 16.258410040214926,
  "snrd_csf": 22.79754468450692,
  "snrd_gm": 41.741011210058474,
  "snrd_total": 42.732571276575236,
  "snrd_wm": 63.6591579351603,
  "spacing_x": 1.0,
  "spacing_y": 1.0,
  "spacing_z": 1.0,
  "summary_bg_k": 1432.5050557605866,
  "summary_bg_mad": 10.291348457336426,
  "summary_bg_mean": 17.895780563354492,
  "summary_bg_median": 15.433873176574707,
  "summary_bg_n": 903087.0,
  "summary_bg_p05": 2.8860365390777587,
  "summary_bg_p95": 40.93099937438964,
  "summary_bg_stdv": 14.210172653198242,
  "summary_csf_k": -0.663230381975723,
  "summary_csf_mad": 156.43846130371094,
  "summary_csf_mean": 345.3727111816406,
  "summary_csf_median": 358.12005615234375,
  "summary_csf_n": 5194.0,
  "summary_csf_p05": 125.53393936157227,
  "summary_csf_p95": 550.0118957519528,
  "summary_csf_stdv": 135.7407989501953,
  "summary_gm_k": 0.2453404056469104,
  "summary_gm_mad": 72.50430297851562,
  "summary_gm_mean": 657.0460815429688,
  "summary_gm_median": 655.697509765625,
  "summary_gm_n": 13706.0,
  "summary_gm_p05": 535.7725372314453,
  "summary_gm_p95": 782.5521545410156,
  "summary_gm_stdv": 74.8862533569336,
  "summary_wm_k": 0.5436833046479399,
  "summary_wm_mad": 58.2477912902832,
  "summary_wm_mean": 998.4470825195312,
  "summary_wm_median": 1000.0033569335938,
  "summary_wm_n": 192097.0,
  "summary_wm_p05": 894.928857421875,
  "summary_wm_p95": 1095.81103515625,
  "summary_wm_stdv": 61.506675720214844,
  "tpm_overlap_csf": 0.20752322673797607,
  "tpm_overlap_gm": 0.5047018527984619,
  "tpm_overlap_wm": 0.5634829998016357,
  "wm2max": 0.5010658365795332
}