{
  "bids_meta": {
    "modality": "T1w",
    "session_id": "2",
    "subject_id": "tbi05"
  },
  "cjv": 0.47618140220830313,
  "cnr": 2.8544591387896547,
  "efc": 0.6913003494802564,
  "fber": 1424.19921875,
  "fwhm_avg": 3.09876,
  "fwhm_x": 3.09082,
  "fwhm_y": 3.31387,
  "fwhm_z": 2.89159,
  "icvs_csf": 0.1831600184080375,
  "icvs_gm": 0.42116736236323105,
  "icvs_wm": 0.3956726192287314,
  "inu_med": 0.9890778064727783,
  "inu_range": 0.37925650775432573,
  "provenance": {
    "md5sum": "2de10d6f494a355375a97891b999cdb6",
    "mriqc_pred": 0,
    "settings": {
      "testing": false
    },
    "software": "mriqc",
    "version": "0.9.6",
    "warnings": {
      "large_rot_frame": true,
      "small_air_mask": false
    }
  },
  "qi_1": 0.0,
  "qi_2": 0.02325767828292788,
  "rpve_csf": 11.27334999063027,
  "rpve_gm": 5.25865833449892,
  "rpve_wm": 6.7962664732124045,
  "size_x": 160,
  "size_y": 208,
  "size_z": 138,
  "snr_csf": 3.0490168755200475,
  "snr_gm": 8.233133446447868,
  "snr_total": 9.112199935415633,
  "snr_wm": 16.05444948427899,
  "snrd_csf": 28.399069994943197,
  "snrd_gm": 43.89226029662528,
  "snrd_total": 45.07132098854421,
  "snrd_wm": 62.92263267406413,
  "spacing_x": 1.0,
  "spacing_y": 1.0,
  "spacing_z": 1.0,
  "summary_bg_k": 477.9864155248578,
  "summary_bg_mad": 10.412002563476562,
  "summary_bg_mean": 17.791845321655273,
  "summary_bg_median": 15.433112144470215,
  "summary_bg_n": 1016669.0,
  "summary_bg_p05": 2.918229579925537,
  "summary_bg_p95": 40.95973434448241,
  "summary_bg_stdv": 12.996748924255371,
  "summary_csf_k": 0.1936332524895601,
  "summary_csf_mad": 135.42730712890625,
  "summary_csf_mean": 428.2795104980469,
  "summary_csf_median": 451.34295654296875,
  "summary_csf_n": 3630.0,
  "summary_csf_p05": 151.69109420776368,
  "summary_csf_p95": 638.9473907470702,
  "summary_csf_stdv": 148.0086212158203,
  "summary_gm_k": 0.12145089336301895,
  "summary_gm_mad": 83.8367919921875,
  "summary_gm_mean": 700.2933349609375,
  "summary_gm_median": 697.5743408203125,
  "summary_gm_n": 7584.0,
  "summary_gm_p05": 566.1226837158204,
  "summary_gm_p95": 845.0488128662108,
  "summary_gm_stdv": 84.72209930419922,
  "summary_wm_k": 0.39985365297625286,
  "summary_wm_mad": 60.18302917480469,
  "summary_wm_mean": 999.9636840820312,
  "summary_wm_median": 1000.021728515625,
  "summary_wm_n": 200990.0,
  "summary_wm_p05": 898.0448120117187,
  "summary_wm_p95": 1101.6383361816406,
  "summary_wm_stdv": 62.28922653198242,
  "tpm_overlap_csf": 0.17949824035167694,
  "tpm_overlap_gm": 0.48416951298713684,
  "tpm_overlap_wm": 0.5527063012123108,
  "wm2max": 0.4763981909752128
}