{
  "bids_meta": {
    "modality": "T1w",
    "session_id": "2",
    "subject_id": "tbi03"
  },
  "cjv": 0.40187425187425185,
  "cnr": 3.1344833230921214,
  "efc": 0.6698753028765605,
  "fber": 1311.3863525390625,
  "fwhm_avg": 3.18291,
  "fwhm_x": 3.21905,
  "fwhm_y": 3.31913,
  "fwhm_z": 3.01055,
  "icvs_csf": 0.20851137233713526,
  "icvs_gm": 0.3963453207035847,
  "icvs_wm": 0.39514330695928007,
  "inu_med": 1.0659160614013672,
  "inu_range": 0.3298627316951751,
  "provenance": {
    "md5sum": "220b1aa7caba40fd718e2834a2aed4fa",
    "mriqc_pred": 0,
    "settings": {
      "testing": false
    },
    "software": "mriqc",
    "version": "0.9.6",
    "warnings": {
      "large_rot_frame": true,
      "small_air_mask": false
    }
  },
  "qi_1": 0.0,
  "qi_2": 0.0046834525990010305,
  "rpve_csf": 14.085110587408698,
  "rpve_gm": 7.53343677760537,
  "rpve_wm": 9.737093119824548,
  "size_x": 155,
  "size_y": 191,
  "size_z": 165,
  "snr_csf": 2.5496011356225567,
  "snr_gm": 8.131878875490804,
  "snr_total": 9.707545826131026,
  "snr_wm": 18.441157467279723,
  "snrd_csf": 20.704349635917904,
  "snrd_gm": 39.20825286393972,
  "snrd_total": 39.18233953835911,
  "snrd_wm": 57.63441611521969,
  "spacing_x": 1.0,
  "spacing_y": 1.0,
  "spacing_z": 1.0,
  "summary_bg_k": 1060.925260797794,
  "summary_bg_mad": 11.367103576660156,
  "summary_bg_mean": 19.4549560546875,
  "summary_bg_median": 16.10919952392578,
  "summary_bg_n": 1024960.0,
  "summary_bg_p05": 2.8083648443222047,
  "summary_bg_p95": 46.32642803192138,
  "summary_bg_stdv": 21.56460952758789,
  "summary_csf_k": -0.769541267971046,
  "summary_csf_mad": 171.35629272460938,
  "summary_csf_mean": 350.5871887207031,
  "summary_csf_median": 359.2358703613281,
  "summary_csf_n": 6779.0,
  "summary_csf_p05": 131.06792755126955,
  "summary_csf_p95": 564.400372314453,
  "summary_csf_stdv": 140.88845825195312,
  "summary_gm_k": 0.5792266629054788,
  "summary_gm_mad": 76.830810546875,
  "summary_gm_mean": 685.167724609375,
  "summary_gm_median": 680.2923583984375,
  "summary_gm_n": 9568.0,
  "summary_gm_p05": 553.3721893310546,
  "summary_gm_p95": 829.1636474609375,
  "summary_gm_stdv": 83.65309143066406,
  "summary_wm_k": 0.5456507799898604,
  "summary_wm_mad": 51.651458740234375,
  "summary_wm_mean": 1000.3109130859375,
  "summary_wm_median": 1000.0,
  "summary_wm_n": 170103.0,
  "summary_wm_p05": 912.4209228515625,
  "summary_wm_p95": 1088.8580810546875,
  "summary_wm_stdv": 54.22637176513672,
  "tpm_overlap_csf": 0.20748113095760345,
  "tpm_overlap_gm": 0.47398653626441956,
  "tpm_overlap_wm": 0.548388659954071,
  "wm2max": 0.49979082119074986
}