{
  "bids_meta": {
    "modality": "T1w",
    "session_id": "2",
    "subject_id": "control08"
  },
  "cjv": 0.44491369405205755,
  "cnr": 2.976904513204632,
  "efc": 0.5691763581124428,
  "fber": 1417.0269775390625,
  "fwhm_avg": 3.0017333333333336,
  "fwhm_x": 3.02819,
  "fwhm_y": 3.14993,
  "fwhm_z": 2.82708,
  "icvs_csf": 0.22424008233854098,
  "icvs_gm": 0.3969353083801045,
  "icvs_wm": 0.3788246092813545,
  "inu_med": 1.1985454559326172,
  "inu_range": 0.3075437307357789,
  "provenance": {
    "md5sum": "4bef2bbc5c21899f5d3d104adccb12b4",
    "mriqc_pred": 0,
    "settings": {
      "testing": false
    },
    "software": "mriqc",
    "version": "0.9.6",
    "warnings": {
      "large_rot_frame": true,
      "small_air_mask": false
    }
  },
  "qi_1": 0.0,
  "qi_2": 0.007108383951605545,
  "rpve_csf": 29.054356648564518,
  "rpve_gm": 16.18164395629112,
  "rpve_wm": 21.0362340332379,
  "size_x": 160,
  "size_y": 256,
  "size_z": 256,
  "snr_csf": 3.3968384016107342,
  "snr_gm": 8.382510285495117,
  "snr_total": 9.227291779331845,
  "snr_wm": 15.902526650889682,
  "snrd_csf": 25.70789176280478,
  "snrd_gm": 47.03096798995335,
  "snrd_total": 46.98109389684302,
  "snrd_wm": 68.20442193777093,
  "spacing_x": 1.0,
  "spacing_y": 1.0,
  "spacing_z": 1.0,
  "summary_bg_k": 81.40664854710666,
  "summary_bg_mad": 9.605317115783691,
  "summary_bg_mean": 16.604646682739258,
  "summary_bg_median": 13.971160888671875,
  "summary_bg_n": 2322792.0,
  "summary_bg_p05": 2.6321020841598513,
  "summary_bg_p95": 39.793281173706056,
  "summary_bg_stdv": 12.443367004394531,
  "summary_csf_k": 0.30839864904687975,
  "summary_csf_mad": 108.43106079101562,
  "summary_csf_mean": 373.5555419921875,
  "summary_csf_median": 376.9176330566406,
  "summary_csf_n": 6186.0,
  "summary_csf_p05": 185.2539291381836,
  "summary_csf_p95": 549.2081604003906,
  "summary_csf_stdv": 110.95233917236328,
  "summary_gm_k": 0.22582132585538695,
  "summary_gm_mad": 77.73490905761719,
  "summary_gm_mean": 691.2927856445312,
  "summary_gm_median": 689.5470581054688,
  "summary_gm_n": 6202.0,
  "summary_gm_p05": 559.7813507080078,
  "summary_gm_p95": 834.2440216064454,
  "summary_gm_stdv": 82.25357818603516,
  "summary_wm_k": 0.31321609464421973,
  "summary_wm_mad": 60.382198333740234,
  "summary_wm_mean": 1000.271240234375,
  "summary_wm_median": 999.9827880859375,
  "summary_wm_n": 142657.0,
  "summary_wm_p05": 897.2143432617188,
  "summary_wm_p95": 1104.4635986328124,
  "summary_wm_stdv": 62.88178634643555,
  "tpm_overlap_csf": 0.16032740473747253,
  "tpm_overlap_gm": 0.45429080724716187,
  "tpm_overlap_wm": 0.559298574924469,
  "wm2max": 0.5292790061425959
}