{
  "bids_meta": {
    "modality": "T1w",
    "session_id": "2",
    "subject_id": "control10"
  },
  "cjv": 0.6760702446824679,
  "cnr": 2.0685301616634097,
  "efc": 0.7136470829376109,
  "fber": 734.9190063476562,
  "fwhm_avg": 3.61319,
  "fwhm_x": 3.55898,
  "fwhm_y": 3.66168,
  "fwhm_z": 3.61891,
  "icvs_csf": 0.22707739536588775,
  "icvs_gm": 0.39478331745287276,
  "icvs_wm": 0.37813928718123946,
  "inu_med": 1.0579562187194824,
  "inu_range": 0.4449901819229125,
  "provenance": {
    "md5sum": "c496ed8e0522c4de27ff8f970595a97c",
    "mriqc_pred": 0,
    "settings": {
      "testing": false
    },
    "software": "mriqc",
    "version": "0.9.6",
    "warnings": {
      "large_rot_frame": true,
      "small_air_mask": false
    }
  },
  "qi_1": 0.0,
  "qi_2": 0.007984582925640797,
  "rpve_csf": 15.99508588562098,
  "rpve_gm": 8.978535067837553,
  "rpve_wm": 11.414001820605248,
  "size_x": 160,
  "size_y": 227,
  "size_z": 200,
  "snr_csf": 2.910515822916873,
  "snr_gm": 9.211384226551424,
  "snr_total": 8.428409136938658,
  "snr_wm": 13.163327361347676,
  "snrd_csf": 16.264078722969113,
  "snrd_gm": 33.30366329556672,
  "snrd_total": 31.047627098265764,
  "snrd_wm": 43.57513927626146,
  "spacing_x": 1.0,
  "spacing_y": 1.0,
  "spacing_z": 1.0,
  "summary_bg_k": 3.356107413156866,
  "summary_bg_mad": 15.03563117980957,
  "summary_bg_mean": 25.121511459350586,
  "summary_bg_median": 21.09996795654297,
  "summary_bg_n": 1064244.0,
  "summary_bg_p05": 3.7909109234809875,
  "summary_bg_p95": 59.785142326354986,
  "summary_bg_stdv": 18.1973876953125,
  "summary_csf_k": -0.15303968423392478,
  "summary_csf_mad": 130.06182861328125,
  "summary_csf_mean": 387.73211669921875,
  "summary_csf_median": 373.266845703125,
  "summary_csf_n": 19129.0,
  "summary_csf_p05": 200.03907470703126,
  "summary_csf_p95": 619.5355346679687,
  "summary_csf_stdv": 128.2443084716797,
  "summary_gm_k": -0.07397657848580819,
  "summary_gm_mad": 84.20907592773438,
  "summary_gm_mean": 766.7149658203125,
  "summary_gm_median": 764.3318481445312,
  "summary_gm_n": 7785.0,
  "summary_gm_p05": 632.4995727539062,
  "summary_gm_p95": 907.9619750976562,
  "summary_gm_stdv": 82.97154235839844,
  "summary_wm_k": 0.25593404580298174,
  "summary_wm_mad": 75.16387939453125,
  "summary_wm_mean": 1003.8995361328125,
  "summary_wm_median": 1000.066162109375,
  "summary_wm_n": 202315.0,
  "summary_wm_p05": 886.6428100585938,
  "summary_wm_p95": 1134.5104492187497,
  "summary_wm_stdv": 75.97347259521484,
  "tpm_overlap_csf": 0.2224496752023697,
  "tpm_overlap_gm": 0.4825397729873657,
  "tpm_overlap_wm": 0.562798798084259,
  "wm2max": 0.3991491880184448
}