{
  "bids_meta": {
    "modality": "T1w",
    "session_id": "3",
    "subject_id": "tbi02"
  },
  "cjv": 0.37394683069901175,
  "cnr": 3.386781380535642,
  "efc": 0.679845408455819,
  "fber": 1061.649658203125,
  "fwhm_avg": 3.1615466666666667,
  "fwhm_x": 3.30593,
  "fwhm_y": 3.25638,
  "fwhm_z": 2.92233,
  "icvs_csf": 0.22276791878187566,
  "icvs_gm": 0.37761342805366926,
  "icvs_wm": 0.39961865316445505,
  "inu_med": 1.1834503412246704,
  "inu_range": 0.37253595590591404,
  "provenance": {
    "md5sum": "b883ab510fca90ea019c1aa69e7af23e",
    "mriqc_pred": 0,
    "settings": {
      "testing": false
    },
    "software": "mriqc",
    "version": "0.9.6",
    "warnings": {
      "large_rot_frame": true,
      "small_air_mask": false
    }
  },
  "qi_1": 0.0,
  "qi_2": 0.0025462133861403865,
  "rpve_csf": 14.006401176726955,
  "rpve_gm": 7.983109886676377,
  "rpve_wm": 10.107782620834866,
  "size_x": 160,
  "size_y": 189,
  "size_z": 190,
  "snr_csf": 3.577842395267297,
  "snr_gm": 8.407837727429856,
  "snr_total": 10.156190553797368,
  "snr_wm": 18.482891538694954,
  "snrd_csf": 21.824700388945534,
  "snrd_gm": 38.72521978178526,
  "snrd_total": 39.53089394158644,
  "snrd_wm": 58.04276165402854,
  "spacing_x": 1.0,
  "spacing_y": 1.0,
  "spacing_z": 1.0,
  "summary_bg_k": 1172.9055598723696,
  "summary_bg_mad": 11.287080764770508,
  "summary_bg_mean": 18.28547477722168,
  "summary_bg_median": 15.590072631835938,
  "summary_bg_n": 1001839.0,
  "summary_bg_p05": 2.6054203748703,
  "summary_bg_p95": 41.90542297363281,
  "summary_bg_stdv": 20.82212257385254,
  "summary_csf_k": 1.284873167777599,
  "summary_csf_mad": 91.19456481933594,
  "summary_csf_mean": 375.71820068359375,
  "summary_csf_median": 376.00897216796875,
  "summary_csf_n": 3722.0,
  "summary_csf_p05": 186.10005874633794,
  "summary_csf_p95": 536.6991180419922,
  "summary_csf_stdv": 105.07965850830078,
  "summary_gm_k": 0.5274883509946253,
  "summary_gm_mad": 73.27660369873047,
  "summary_gm_mean": 669.86669921875,
  "summary_gm_median": 667.1812133789062,
  "summary_gm_n": 7441.0,
  "summary_gm_p05": 543.0643310546875,
  "summary_gm_p95": 803.1420288085938,
  "summary_gm_stdv": 79.34696197509766,
  "summary_wm_k": 0.6681255670777193,
  "summary_wm_mad": 51.178192138671875,
  "summary_wm_mean": 999.1697387695312,
  "summary_wm_median": 999.995361328125,
  "summary_wm_n": 189655.0,
  "summary_wm_p05": 909.5997497558594,
  "summary_wm_p95": 1085.7297607421874,
  "summary_wm_stdv": 54.103694915771484,
  "tpm_overlap_csf": 0.17508041858673096,
  "tpm_overlap_gm": 0.4650798738002777,
  "tpm_overlap_wm": 0.5713326334953308,
  "wm2max": 0.5440982265105919
}