{
  "bids_meta": {
    "modality": "T1w",
    "session_id": "1",
    "subject_id": "control01"
  },
  "cjv": 0.36173880008408177,
  "cnr": 3.530599143759363,
  "efc": 0.7406172179804992,
  "fber": 3067.0576171875,
  "fwhm_avg": 3.7131100000000004,
  "fwhm_x": 3.9383,
  "fwhm_y": 3.64132,
  "fwhm_z": 3.55971,
  "icvs_csf": 0.2170459106210748,
  "icvs_gm": 0.4108020189965188,
  "icvs_wm": 0.3721520703824064,
  "inu_med": 1.1614575386047363,
  "inu_range": 0.46022873520851104,
  "provenance": {
    "md5sum": "19e4c5f656b6ed1367304dd1b302113d",
    "mriqc_pred": 0,
    "settings": {
      "testing": false
    },
    "software": "mriqc",
    "version": "0.9.6",
    "warnings": {
      "large_rot_frame": true,
      "small_air_mask": false
    }
  },
  "qi_1": 0.0,
  "qi_2": 0.0006756700498778387,
  "rpve_csf": 20.65736501538135,
  "rpve_gm": 11.327168578983473,
  "rpve_wm": 15.122033214966894,
  "size_x": 256,
  "size_y": 256,
  "size_z": 150,
  "snr_csf": 2.0200998164645667,
  "snr_gm": 8.155393528611173,
  "snr_total": 8.849226124805094,
  "snr_wm": 16.372185029339548,
  "snrd_csf": 20.95352978872921,
  "snrd_gm": 46.37793757340824,
  "snrd_total": 46.589821215227666,
  "snrd_wm": 72.43799628354556,
  "spacing_x": 1.0,
  "spacing_y": 1.0,
  "spacing_z": 1.0,
  "summary_bg_k": 457.6119165542499,
  "summary_bg_mad": 9.044111251831055,
  "summary_bg_mean": 13.948447227478027,
  "summary_bg_median": 9.633026123046875,
  "summary_bg_n": 250034.0,
  "summary_bg_p05": 0.0,
  "summary_bg_p95": 43.009821510314865,
  "summary_bg_stdv": 22.12544822692871,
  "summary_csf_k": 164.9304283590535,
  "summary_csf_mad": 104.765380859375,
  "summary_csf_mean": 306.9909973144531,
  "summary_csf_median": 289.2619934082031,
  "summary_csf_n": 19044.0,
  "summary_csf_p05": 155.40874786376955,
  "summary_csf_p95": 486.7339035034179,
  "summary_csf_stdv": 143.18817138671875,
  "summary_gm_k": 0.28374644388118275,
  "summary_gm_mad": 74.654052734375,
  "summary_gm_mean": 643.1548461914062,
  "summary_gm_median": 640.244140625,
  "summary_gm_n": 18036.0,
  "summary_gm_p05": 518.5666198730469,
  "summary_gm_p95": 778.0653686523438,
  "summary_gm_stdv": 78.50343322753906,
  "summary_wm_k": 1.126065422714074,
  "summary_wm_mad": 55.484107971191406,
  "summary_wm_mean": 998.7713012695312,
  "summary_wm_median": 1000.0014038085938,
  "summary_wm_n": 223246.0,
  "summary_wm_p05": 896.8913116455078,
  "summary_wm_p95": 1094.6737060546875,
  "summary_wm_stdv": 61.07915115356445,
  "tpm_overlap_csf": 0.22518649697303772,
  "tpm_overlap_gm": 0.49151527881622314,
  "tpm_overlap_wm": 0.5416255593299866,
  "wm2max": 0.5266791464626092
}