{
  "bids_meta": {
    "modality": "T1w",
    "session_id": "3",
    "subject_id": "tbi03"
  },
  "cjv": 0.4043345059814107,
  "cnr": 3.1981747635056426,
  "efc": 0.6573411920325806,
  "fber": 1381.3603515625,
  "fwhm_avg": 3.0879333333333334,
  "fwhm_x": 3.08781,
  "fwhm_y": 3.274,
  "fwhm_z": 2.90199,
  "icvs_csf": 0.19016656347607225,
  "icvs_gm": 0.41526812441475164,
  "icvs_wm": 0.3945653121091761,
  "inu_med": 1.0367302894592285,
  "inu_range": 0.31258857250213623,
  "provenance": {
    "md5sum": "3954fb1d0b8b7c5b520de1aadaa65349",
    "mriqc_pred": 0,
    "settings": {
      "testing": false
    },
    "software": "mriqc",
    "version": "0.9.6",
    "warnings": {
      "large_rot_frame": true,
      "small_air_mask": false
    }
  },
  "qi_1": 0.0,
  "qi_2": 0.005740663852365566,
  "rpve_csf": 14.804560019946624,
  "rpve_gm": 7.239971794004855,
  "rpve_wm": 9.512829288693025,
  "size_x": 160,
  "size_y": 193,
  "size_z": 158,
  "snr_csf": 2.4334827022101955,
  "snr_gm": 7.667849415691429,
  "snr_total": 9.388575441936506,
  "snr_wm": 18.064394207907895,
  "snrd_csf": 20.203202198644163,
  "snrd_gm": 40.76270715869004,
  "snrd_total": 40.71339967960171,
  "snrd_wm": 61.17428968147091,
  "spacing_x": 1.0,
  "spacing_y": 1.0,
  "spacing_z": 1.0,
  "summary_bg_k": 1441.9995471767693,
  "summary_bg_mad": 10.709256172180176,
  "summary_bg_mean": 17.976016998291016,
  "summary_bg_median": 15.437015533447266,
  "summary_bg_n": 1098628.0,
  "summary_bg_p05": 2.7317156195640564,
  "summary_bg_p95": 41.28488388061523,
  "summary_bg_stdv": 16.405492782592773,
  "summary_csf_k": -0.009209545951337716,
  "summary_csf_mad": 153.95904541015625,
  "summary_csf_mean": 327.910888671875,
  "summary_csf_median": 330.2537841796875,
  "summary_csf_n": 6738.0,
  "summary_csf_p05": 122.30543174743653,
  "summary_csf_p95": 547.2414367675781,
  "summary_csf_stdv": 135.70233154296875,
  "summary_gm_k": 0.2920082429548896,
  "summary_gm_mad": 82.01612091064453,
  "summary_gm_mean": 670.1068725585938,
  "summary_gm_median": 666.3319091796875,
  "summary_gm_n": 11601.0,
  "summary_gm_p05": 531.4037475585938,
  "summary_gm_p95": 819.3382568359375,
  "summary_gm_stdv": 86.89570617675781,
  "summary_wm_k": 0.4957004733298591,
  "summary_wm_mad": 52.894168853759766,
  "summary_wm_mean": 999.9021606445312,
  "summary_wm_median": 999.9920043945312,
  "summary_wm_n": 169647.0,
  "summary_wm_p05": 908.7367004394532,
  "summary_wm_p95": 1089.664208984375,
  "summary_wm_stdv": 55.356910705566406,
  "tpm_overlap_csf": 0.2181701958179474,
  "tpm_overlap_gm": 0.487304151058197,
  "tpm_overlap_wm": 0.5439839959144592,
  "wm2max": 0.5101639721371637
}