{
  "bids_meta": {
    "modality": "T1w",
    "session_id": "2",
    "subject_id": "control11"
  },
  "cjv": 0.5129907626401815,
  "cnr": 2.6424057927914317,
  "efc": 0.7243122314235644,
  "fber": 1895.734375,
  "fwhm_avg": 3.45966,
  "fwhm_x": 3.31467,
  "fwhm_y": 3.51074,
  "fwhm_z": 3.55357,
  "icvs_csf": 0.19109305028066348,
  "icvs_gm": 0.42468944156756555,
  "icvs_wm": 0.38421750815177097,
  "inu_med": 1.1849133968353271,
  "inu_range": 0.30116968750953665,
  "provenance": {
    "md5sum": "0e68a4ce95c5892c948019f59d6e9fdc",
    "mriqc_pred": 0,
    "settings": {
      "testing": false
    },
    "software": "mriqc",
    "version": "0.9.6",
    "warnings": {
      "large_rot_frame": true,
      "small_air_mask": false
    }
  },
  "qi_1": 0.0,
  "qi_2": 0.005117715766983748,
  "rpve_csf": 14.049301165197177,
  "rpve_gm": 6.876691376164468,
  "rpve_wm": 9.168515722358123,
  "size_x": 160,
  "size_y": 220,
  "size_z": 200,
  "snr_csf": 2.6868310740490267,
  "snr_gm": 10.566042578554569,
  "snr_total": 10.632795217745505,
  "snr_wm": 18.64551200063292,
  "snrd_csf": 24.114152537766284,
  "snrd_gm": 51.23729333908211,
  "snrd_total": 47.56803658872008,
  "snrd_wm": 67.35266388931183,
  "spacing_x": 1.0,
  "spacing_y": 1.0,
  "spacing_z": 1.0,
  "summary_bg_k": 18.27724832742944,
  "summary_bg_mad": 9.727206230163574,
  "summary_bg_mean": 17.396162033081055,
  "summary_bg_median": 15.412270545959473,
  "summary_bg_n": 1164901.0,
  "summary_bg_p05": 3.1772780418395996,
  "summary_bg_p95": 39.416908264160156,
  "summary_bg_stdv": 11.805771827697754,
  "summary_csf_k": 1.2364657554153782,
  "summary_csf_mad": 137.03497314453125,
  "summary_csf_mean": 385.5462951660156,
  "summary_csf_median": 358.03741455078125,
  "summary_csf_n": 15490.0,
  "summary_csf_p05": 210.22427520751955,
  "summary_csf_p95": 625.0239685058593,
  "summary_csf_stdv": 133.25209045410156,
  "summary_gm_k": 0.08805980853173168,
  "summary_gm_mad": 70.57228088378906,
  "summary_gm_mean": 762.7863159179688,
  "summary_gm_median": 760.7510986328125,
  "summary_gm_n": 21567.0,
  "summary_gm_p05": 647.5862731933594,
  "summary_gm_p95": 886.6109191894532,
  "summary_gm_stdv": 71.99795532226562,
  "summary_wm_k": 0.27842992896076657,
  "summary_wm_mad": 52.17340850830078,
  "summary_wm_mean": 1000.8643798828125,
  "summary_wm_median": 1000.0257568359375,
  "summary_wm_n": 251340.0,
  "summary_wm_p05": 914.638705444336,
  "summary_wm_p95": 1090.0815856933593,
  "summary_wm_stdv": 53.63348388671875,
  "tpm_overlap_csf": 0.2269509881734848,
  "tpm_overlap_gm": 0.5035229921340942,
  "tpm_overlap_wm": 0.5551310777664185,
  "wm2max": 0.4002526812176908
}