{
  "bids_meta": {
    "modality": "T1w",
    "session_id": "1",
    "subject_id": "tbi13"
  },
  "cjv": 0.5582961328935855,
  "cnr": 2.319616150669202,
  "efc": 0.6135674535811503,
  "fber": 551.4120483398438,
  "fwhm_avg": 3.822750073509022,
  "fwhm_x": 3.699830220527066,
  "fwhm_y": 3.8395,
  "fwhm_z": 3.92892,
  "icvs_csf": 0.2384374168879507,
  "icvs_gm": 0.4063719121770495,
  "icvs_wm": 0.35519067093499984,
  "inu_med": 1.1731077432632446,
  "inu_range": 0.35522343516349775,
  "provenance": {
    "md5sum": "dcd133aa605d7afb1e118cf799a5e7b3",
    "mriqc_pred": 0,
    "settings": {
      "testing": false
    },
    "software": "mriqc",
    "version": "0.9.6",
    "warnings": {
      "large_rot_frame": true,
      "small_air_mask": false
    }
  },
  "qi_1": 1.0130281961693156e-05,
  "qi_2": 0.0033282125335196435,
  "rpve_csf": 23.09935775763509,
  "rpve_gm": 12.768984752788226,
  "rpve_wm": 17.045676182606357,
  "size_x": 160,
  "size_y": 256,
  "size_z": 256,
  "snr_csf": 3.386349707100188,
  "snr_gm": 9.315038711138897,
  "snr_total": 7.492746127711945,
  "snr_wm": 9.776849964896751,
  "snrd_csf": 11.820667004551165,
  "snrd_gm": 24.28894968283889,
  "snrd_total": 23.690703306672848,
  "snrd_wm": 34.96249323262849,
  "spacing_x": 0.9999999403953552,
  "spacing_y": 1.0,
  "spacing_z": 1.0,
  "summary_bg_k": 7.972095971603304,
  "summary_bg_mad": 18.73885726928711,
  "summary_bg_mean": 32.22564697265625,
  "summary_bg_median": 19.779071807861328,
  "summary_bg_n": 2845530.0,
  "summary_bg_p05": 3.3068419694900513,
  "summary_bg_p95": 107.19618263244621,
  "summary_bg_stdv": 36.030311584472656,
  "summary_csf_k": 0.05872659574233463,
  "summary_csf_mad": 101.03462982177734,
  "summary_csf_mean": 339.39483642578125,
  "summary_csf_median": 338.10638427734375,
  "summary_csf_n": 31079.0,
  "summary_csf_p05": 177.9946258544922,
  "summary_csf_p95": 503.31123352050776,
  "summary_csf_stdv": 99.84230041503906,
  "summary_gm_k": -0.09067287005951385,
  "summary_gm_mad": 75.226318359375,
  "summary_gm_mean": 696.118408203125,
  "summary_gm_median": 694.7365112304688,
  "summary_gm_n": 9202.0,
  "summary_gm_p05": 575.4481567382812,
  "summary_gm_p95": 820.9704925537109,
  "summary_gm_stdv": 74.57819366455078,
  "summary_wm_k": 1.2108123227561798,
  "summary_wm_mad": 95.21882629394531,
  "summary_wm_mean": 1010.0448608398438,
  "summary_wm_median": 1000.03173828125,
  "summary_wm_n": 169564.0,
  "summary_wm_p05": 863.1032531738282,
  "summary_wm_p95": 1192.3942504882812,
  "summary_wm_stdv": 102.2853775024414,
  "tpm_overlap_csf": 0.2158406376838684,
  "tpm_overlap_gm": 0.4658571183681488,
  "tpm_overlap_wm": 0.5183583498001099,
  "wm2max": 0.5292217771802488
}