{
  "bids_meta": {
    "modality": "T1w",
    "session_id": "2",
    "subject_id": "tbi12"
  },
  "cjv": 0.41338452243739604,
  "cnr": 3.1619784122709156,
  "efc": 0.6719646026081231,
  "fber": 1636.44091796875,
  "fwhm_avg": 3.4349833333333333,
  "fwhm_x": 3.44723,
  "fwhm_y": 3.6576,
  "fwhm_z": 3.20012,
  "icvs_csf": 0.21565154729148658,
  "icvs_gm": 0.38181527757185346,
  "icvs_wm": 0.4025331751366599,
  "inu_med": 1.0185661315917969,
  "inu_range": 0.3335309326648712,
  "provenance": {
    "md5sum": "3beca9759e0fdf6a921528fff997561d",
    "mriqc_pred": 0,
    "settings": {
      "testing": false
    },
    "software": "mriqc",
    "version": "0.9.6",
    "warnings": {
      "large_rot_frame": true,
      "small_air_mask": false
    }
  },
  "qi_1": 0.0,
  "qi_2": 0.0070901578546895185,
  "rpve_csf": 11.371292620600682,
  "rpve_gm": 6.344687230029189,
  "rpve_wm": 7.9919310035700875,
  "size_x": 160,
  "size_y": 198,
  "size_z": 162,
  "snr_csf": 2.942275089100362,
  "snr_gm": 8.142222939432735,
  "snr_total": 10.180502578259114,
  "snr_wm": 19.457009706244243,
  "snrd_csf": 32.3433144088892,
  "snrd_gm": 55.56534666934152,
  "snrd_total": 56.31589622043551,
  "snrd_wm": 81.03902758307581,
  "spacing_x": 1.0,
  "spacing_y": 1.0,
  "spacing_z": 1.0,
  "summary_bg_k": 2619.5941030510658,
  "summary_bg_mad": 8.084257125854492,
  "summary_bg_mean": 15.860923767089844,
  "summary_bg_median": 14.339755058288574,
  "summary_bg_n": 1070739.0,
  "summary_bg_p05": 4.4077150344848635,
  "summary_bg_p95": 33.16850357055664,
  "summary_bg_stdv": 12.268278121948242,
  "summary_csf_k": -0.63365336449308,
  "summary_csf_mad": 135.26181030273438,
  "summary_csf_mean": 375.1124572753906,
  "summary_csf_median": 399.11029052734375,
  "summary_csf_n": 8028.0,
  "summary_csf_p05": 134.5967674255371,
  "summary_csf_p95": 570.6267700195312,
  "summary_csf_stdv": 135.6383819580078,
  "summary_gm_k": 0.2592462068530388,
  "summary_gm_mad": 80.40447998046875,
  "summary_gm_mean": 690.5997924804688,
  "summary_gm_median": 685.6657104492188,
  "summary_gm_n": 10555.0,
  "summary_gm_p05": 559.1810363769531,
  "summary_gm_p95": 839.1221740722656,
  "summary_gm_stdv": 84.2071304321289,
  "summary_wm_k": 0.4182275356273988,
  "summary_wm_mad": 49.53894805908203,
  "summary_wm_mean": 1000.3817138671875,
  "summary_wm_median": 1000.0060424804688,
  "summary_wm_n": 229021.0,
  "summary_wm_p05": 916.8953857421875,
  "summary_wm_p95": 1084.763916015625,
  "summary_wm_stdv": 51.39555740356445,
  "tpm_overlap_csf": 0.21196790039539337,
  "tpm_overlap_gm": 0.48841676115989685,
  "tpm_overlap_wm": 0.587147057056427,
  "wm2max": 0.526160980720928
}