{
  "bids_meta": {
    "modality": "T1w",
    "session_id": "3",
    "subject_id": "tbi09"
  },
  "cjv": 0.4220995072392932,
  "cnr": 3.153465341792282,
  "efc": 0.6674662521081846,
  "fber": 1294.5660400390625,
  "fwhm_avg": 3.27956,
  "fwhm_x": 3.27969,
  "fwhm_y": 3.40691,
  "fwhm_z": 3.15208,
  "icvs_csf": 0.21778900730172943,
  "icvs_gm": 0.4099613948490729,
  "icvs_wm": 0.3722495978491977,
  "inu_med": 1.0942646265029907,
  "inu_range": 0.35783982276916504,
  "provenance": {
    "md5sum": "396f25dae4a1d442c2605e4f6393ca7f",
    "mriqc_pred": 0,
    "settings": {
      "testing": false
    },
    "software": "mriqc",
    "version": "0.9.6",
    "warnings": {
      "large_rot_frame": true,
      "small_air_mask": false
    }
  },
  "qi_1": 0.0,
  "qi_2": 0.007169363196575697,
  "rpve_csf": 11.828690312775763,
  "rpve_gm": 6.316706871267348,
  "rpve_wm": 8.628125278684431,
  "size_x": 160,
  "size_y": 193,
  "size_z": 159,
  "snr_csf": 3.8449797362222418,
  "snr_gm": 8.951154848345091,
  "snr_total": 10.130481895205067,
  "snr_wm": 17.595311101047866,
  "snrd_csf": 27.058223276197943,
  "snrd_gm": 46.23067783479752,
  "snrd_total": 46.63270240665761,
  "snrd_wm": 66.60920610897736,
  "spacing_x": 1.0,
  "spacing_y": 1.0,
  "spacing_z": 1.0,
  "summary_bg_k": 1478.1772099276295,
  "summary_bg_mad": 9.835577011108398,
  "summary_bg_mean": 17.701215744018555,
  "summary_bg_median": 15.453300476074219,
  "summary_bg_n": 981850.0,
  "summary_bg_p05": 3.0510578632354735,
  "summary_bg_p95": 38.60536441802979,
  "summary_bg_stdv": 13.075078010559082,
  "summary_csf_k": 0.6269968828973855,
  "summary_csf_mad": 92.40888214111328,
  "summary_csf_mean": 399.0261535644531,
  "summary_csf_median": 406.2257080078125,
  "summary_csf_n": 4072.0,
  "summary_csf_p05": 200.7876258850098,
  "summary_csf_p95": 559.2631439208984,
  "summary_csf_stdv": 105.6379623413086,
  "summary_gm_k": 0.13383111490717114,
  "summary_gm_mad": 75.13429260253906,
  "summary_gm_mean": 695.8067016601562,
  "summary_gm_median": 694.0621948242188,
  "summary_gm_n": 7949.0,
  "summary_gm_p05": 570.3019409179688,
  "summary_gm_p95": 827.5585205078125,
  "summary_gm_stdv": 77.53396606445312,
  "summary_wm_k": 0.5484765901543125,
  "summary_wm_mad": 54.00422286987305,
  "summary_wm_mean": 1000.4742431640625,
  "summary_wm_median": 1000.0054931640625,
  "summary_wm_n": 171335.0,
  "summary_wm_p05": 908.5804382324219,
  "summary_wm_p95": 1093.9755126953125,
  "summary_wm_stdv": 56.83346939086914,
  "tpm_overlap_csf": 0.18084466457366943,
  "tpm_overlap_gm": 0.48344099521636963,
  "tpm_overlap_wm": 0.5546179413795471,
  "wm2max": 0.49642847718091576
}