{
  "bids_meta": {
    "modality": "T1w",
    "session_id": "2",
    "subject_id": "control05"
  },
  "cjv": 0.3527039336334451,
  "cnr": 3.510229123586833,
  "efc": 0.7697548294516838,
  "fber": 1442.1531982421875,
  "fwhm_avg": 4.17982,
  "fwhm_x": 4.31751,
  "fwhm_y": 4.1013,
  "fwhm_z": 4.12065,
  "icvs_csf": 0.21724404037153336,
  "icvs_gm": 0.43068478256918397,
  "icvs_wm": 0.3520711770592827,
  "inu_med": 1.2286145687103271,
  "inu_range": 0.4937791347503664,
  "provenance": {
    "md5sum": "bee3f8a12b58d4eeffb807d7048e16ba",
    "mriqc_pred": 0,
    "settings": {
      "testing": false
    },
    "software": "mriqc",
    "version": "0.9.6",
    "warnings": {
      "large_rot_frame": true,
      "small_air_mask": true
    }
  },
  "qi_1": 0.00014853821624768508,
  "qi_2": 0.0001362089438812285,
  "rpve_csf": 19.762608255779227,
  "rpve_gm": 10.519722266159778,
  "rpve_wm": 15.091340204588924,
  "size_x": 256,
  "size_y": 256,
  "size_z": 150,
  "snr_csf": 3.102535011507008,
  "snr_gm": 9.307961486311484,
  "snr_total": 9.694426529535784,
  "snr_wm": 16.67278309078886,
  "snrd_csf": 13.11172296424982,
  "snrd_gm": 26.587024048217067,
  "snrd_total": 26.828846839619175,
  "snrd_wm": 40.787793506390635,
  "spacing_x": 1.0,
  "spacing_y": 1.0,
  "spacing_z": 1.0,
  "summary_bg_k": 146.66034228052865,
  "summary_bg_mad": 16.062150955200195,
  "summary_bg_mean": 23.063922882080078,
  "summary_bg_median": 15.318906784057617,
  "summary_bg_n": 223685.0,
  "summary_bg_p05": 0.0,
  "summary_bg_p95": 64.84997558593747,
  "summary_bg_stdv": 36.555850982666016,
  "summary_csf_k": 0.07952730685295961,
  "summary_csf_mad": 113.06895446777344,
  "summary_csf_mean": 326.8270568847656,
  "summary_csf_median": 321.46356201171875,
  "summary_csf_n": 17750.0,
  "summary_csf_p05": 170.939192199707,
  "summary_csf_p95": 495.98147735595694,
  "summary_csf_stdv": 103.61027526855469,
  "summary_gm_k": 0.23781732397078148,
  "summary_gm_mad": 68.28919982910156,
  "summary_gm_mean": 654.0050659179688,
  "summary_gm_median": 651.841064453125,
  "summary_gm_n": 23925.0,
  "summary_gm_p05": 542.5234375,
  "summary_gm_p95": 771.9652343749999,
  "summary_gm_stdv": 70.02902221679688,
  "summary_wm_k": 1.4121375576052495,
  "summary_wm_mad": 54.509613037109375,
  "summary_wm_mean": 999.4849243164062,
  "summary_wm_median": 1000.0050659179688,
  "summary_wm_n": 214875.0,
  "summary_wm_p05": 900.2230468749999,
  "summary_wm_p95": 1095.689611816406,
  "summary_wm_stdv": 59.978153228759766,
  "tpm_overlap_csf": 0.2325628399848938,
  "tpm_overlap_gm": 0.526046872138977,
  "tpm_overlap_wm": 0.5586442351341248,
  "wm2max": 0.49141074651817934
}