{
  "bids_meta": {
    "modality": "T1w",
    "session_id": "2",
    "subject_id": "control06"
  },
  "cjv": 0.28462576323529193,
  "cnr": 4.322545860854956,
  "efc": 0.7366632638115398,
  "fber": 1482.0128173828125,
  "fwhm_avg": 3.7682866666666666,
  "fwhm_x": 3.99733,
  "fwhm_y": 3.78917,
  "fwhm_z": 3.51836,
  "icvs_csf": 0.17784791159502306,
  "icvs_gm": 0.46883866767764426,
  "icvs_wm": 0.3533134207273327,
  "inu_med": 1.2753524780273438,
  "inu_range": 0.5062628984451294,
  "provenance": {
    "md5sum": "e3fe296640e042c4eace4a8329596161",
    "mriqc_pred": 0,
    "settings": {
      "testing": false
    },
    "software": "mriqc",
    "version": "0.9.6",
    "warnings": {
      "large_rot_frame": true,
      "small_air_mask": false
    }
  },
  "qi_1": 0.0,
  "qi_2": 0.0005101913025664732,
  "rpve_csf": 25.399774862807025,
  "rpve_gm": 11.009682274742516,
  "rpve_wm": 16.557515106958455,
  "size_x": 256,
  "size_y": 256,
  "size_z": 150,
  "snr_csf": 1.5783992864313514,
  "snr_gm": 9.154083292348691,
  "snr_total": 8.854744241139956,
  "snr_wm": 15.831750144639829,
  "snrd_csf": 12.764068261762969,
  "snrd_gm": 28.038156216917862,
  "snrd_total": 29.349215212237407,
  "snrd_wm": 47.24542115803138,
  "spacing_x": 1.0,
  "spacing_y": 1.0,
  "spacing_z": 1.0,
  "summary_bg_k": 77.51068592942552,
  "summary_bg_mad": 13.866663932800293,
  "summary_bg_mean": 20.6206111907959,
  "summary_bg_median": 13.471195220947266,
  "summary_bg_n": 336024.0,
  "summary_bg_p05": 0.0,
  "summary_bg_p95": 61.74131984710691,
  "summary_bg_stdv": 25.55922508239746,
  "summary_csf_k": 215.89766800268097,
  "summary_csf_mad": 82.51390838623047,
  "summary_csf_mean": 295.9118347167969,
  "summary_csf_median": 270.1651916503906,
  "summary_csf_n": 10363.0,
  "summary_csf_p05": 161.6000213623047,
  "summary_csf_p95": 458.873501586914,
  "summary_csf_stdv": 171.15577697753906,
  "summary_gm_k": 0.49763368964074095,
  "summary_gm_mad": 61.30647277832031,
  "summary_gm_mean": 597.2605590820312,
  "summary_gm_median": 593.4576416015625,
  "summary_gm_n": 24256.0,
  "summary_gm_p05": 497.2357482910156,
  "summary_gm_p95": 710.3384246826172,
  "summary_gm_stdv": 64.8284912109375,
  "summary_wm_k": 1.8127696731076046,
  "summary_wm_mad": 54.40595626831055,
  "summary_wm_mean": 1000.2514038085938,
  "summary_wm_median": 1000.0,
  "summary_wm_n": 188940.0,
  "summary_wm_p05": 897.9830993652344,
  "summary_wm_p95": 1101.3054138183593,
  "summary_wm_stdv": 63.16404342651367,
  "tpm_overlap_csf": 0.24071532487869263,
  "tpm_overlap_gm": 0.5332420468330383,
  "tpm_overlap_wm": 0.5484476685523987,
  "wm2max": 0.508723597213014
}