{
  "bids_meta": {
    "modality": "T1w",
    "session_id": "2",
    "subject_id": "tbi13"
  },
  "cjv": 0.4746719351137795,
  "cnr": 2.8750889977326692,
  "efc": 0.5857562882218533,
  "fber": 1108.308837890625,
  "fwhm_avg": 3.6938366666666664,
  "fwhm_x": 3.60473,
  "fwhm_y": 3.71567,
  "fwhm_z": 3.76111,
  "icvs_csf": 0.23695459293216925,
  "icvs_gm": 0.4143631152157535,
  "icvs_wm": 0.3486822918520773,
  "inu_med": 1.1370177268981934,
  "inu_range": 0.3847264051437378,
  "provenance": {
    "md5sum": "9713e2b10e56fd2d6545d3559c23be12",
    "mriqc_pred": 0,
    "settings": {
      "testing": false
    },
    "software": "mriqc",
    "version": "0.9.6",
    "warnings": {
      "large_rot_frame": true,
      "small_air_mask": false
    }
  },
  "qi_1": 0.0,
  "qi_2": 0.007160827482300441,
  "rpve_csf": 23.59255059810647,
  "rpve_gm": 13.300759355423672,
  "rpve_wm": 18.562102052827765,
  "size_x": 160,
  "size_y": 256,
  "size_z": 256,
  "snr_csf": 3.2593011681401927,
  "snr_gm": 10.361168581655066,
  "snr_total": 9.44812905749425,
  "snr_wm": 14.723917422687487,
  "snrd_csf": 16.713530476777635,
  "snrd_gm": 37.94339582482005,
  "snrd_total": 35.85935289952648,
  "snrd_wm": 52.921132396981754,
  "spacing_x": 1.0,
  "spacing_y": 1.0,
  "spacing_z": 1.0,
  "summary_bg_k": 6.101110452633096,
  "summary_bg_mad": 12.379594802856445,
  "summary_bg_mean": 20.992536544799805,
  "summary_bg_median": 16.882930755615234,
  "summary_bg_n": 2559494.0,
  "summary_bg_p05": 2.8903841972351074,
  "summary_bg_p95": 53.906879806518575,
  "summary_bg_stdv": 17.019742965698242,
  "summary_csf_k": 0.4022656635958781,
  "summary_csf_mad": 91.96531677246094,
  "summary_csf_mean": 327.3731689453125,
  "summary_csf_median": 315.8223876953125,
  "summary_csf_n": 22271.0,
  "summary_csf_p05": 188.55704498291016,
  "summary_csf_p95": 505.6073760986328,
  "summary_csf_stdv": 96.8966293334961,
  "summary_gm_k": 0.06161334449133404,
  "summary_gm_mad": 68.9864273071289,
  "summary_gm_mean": 716.118408203125,
  "summary_gm_median": 716.9863891601562,
  "summary_gm_n": 7813.0,
  "summary_gm_p05": 602.4759887695312,
  "summary_gm_p95": 828.6690551757812,
  "summary_gm_stdv": 69.1949462890625,
  "summary_wm_k": 0.36672819545843893,
  "summary_wm_mad": 65.35639190673828,
  "summary_wm_mean": 1001.4607543945312,
  "summary_wm_median": 1000.0088500976562,
  "summary_wm_n": 161665.0,
  "summary_wm_p05": 892.2869506835938,
  "summary_wm_p95": 1115.7093261718749,
  "summary_wm_stdv": 67.91709899902344,
  "tpm_overlap_csf": 0.22908218204975128,
  "tpm_overlap_gm": 0.48470836877822876,
  "tpm_overlap_wm": 0.5417236089706421,
  "wm2max": 0.45577620530617047
}