{
  "bids_meta": {
    "modality": "T1w",
    "session_id": "3",
    "subject_id": "tbi13"
  },
  "cjv": 0.4311054460866129,
  "cnr": 3.1040966256673346,
  "efc": 0.5968263408760573,
  "fber": 1635.1380615234375,
  "fwhm_avg": 3.485773333333334,
  "fwhm_x": 3.42355,
  "fwhm_y": 3.48503,
  "fwhm_z": 3.54874,
  "icvs_csf": 0.21819994292997885,
  "icvs_gm": 0.430159169680905,
  "icvs_wm": 0.35164088738911614,
  "inu_med": 1.0630959272384644,
  "inu_range": 0.38081295788288094,
  "provenance": {
    "md5sum": "19a34776d12e4dcdaba5222cd67e8632",
    "mriqc_pred": 0,
    "settings": {
      "testing": false
    },
    "software": "mriqc",
    "version": "0.9.6",
    "warnings": {
      "large_rot_frame": true,
      "small_air_mask": false
    }
  },
  "qi_1": 0.0,
  "qi_2": 0.02415534349322471,
  "rpve_csf": 25.50443106671469,
  "rpve_gm": 13.270385208012327,
  "rpve_wm": 18.826493829706035,
  "size_x": 160,
  "size_y": 256,
  "size_z": 256,
  "snr_csf": 3.2283547932627785,
  "snr_gm": 11.294610674479259,
  "snr_total": 10.272695010781204,
  "snr_wm": 16.295119564601574,
  "snrd_csf": 18.13205918842032,
  "snrd_gm": 41.73239482077507,
  "snrd_total": 39.213857945940326,
  "snrd_wm": 57.77711982862558,
  "spacing_x": 1.0,
  "spacing_y": 1.0,
  "spacing_z": 1.0,
  "summary_bg_k": 2.9100325002590317,
  "summary_bg_mad": 11.339286804199219,
  "summary_bg_mean": 17.215206146240234,
  "summary_bg_median": 15.002646446228027,
  "summary_bg_n": 2237509.0,
  "summary_bg_p05": 2.992417812347412,
  "summary_bg_p95": 40.35707092285158,
  "summary_bg_stdv": 12.176770210266113,
  "summary_csf_k": 0.7612840124261395,
  "summary_csf_mad": 87.64988708496094,
  "summary_csf_mean": 329.3883361816406,
  "summary_csf_median": 313.8348388671875,
  "summary_csf_n": 14102.0,
  "summary_csf_p05": 198.0810874938965,
  "summary_csf_p95": 520.4578399658202,
  "summary_csf_stdv": 97.20855712890625,
  "summary_gm_k": 0.22369794914407715,
  "summary_gm_mad": 61.83964538574219,
  "summary_gm_mean": 721.9629516601562,
  "summary_gm_median": 722.316162109375,
  "summary_gm_n": 9153.0,
  "summary_gm_p05": 614.216748046875,
  "summary_gm_p95": 825.1858276367187,
  "summary_gm_stdv": 63.94879150390625,
  "summary_wm_k": 0.4324054129384356,
  "summary_wm_mad": 57.88121032714844,
  "summary_wm_mean": 998.2017211914062,
  "summary_wm_median": 1000.0228271484375,
  "summary_wm_n": 154821.0,
  "summary_wm_p05": 893.1635131835938,
  "summary_wm_p95": 1095.422607421875,
  "summary_wm_stdv": 61.36927032470703,
  "tpm_overlap_csf": 0.21867766976356506,
  "tpm_overlap_gm": 0.4848005473613739,
  "tpm_overlap_wm": 0.5279334783554077,
  "wm2max": 0.46483247297777636
}