{
  "bids_meta": {
    "modality": "T1w",
    "session_id": "3",
    "subject_id": "tbi07"
  },
  "cjv": 0.3034030260365081,
  "cnr": 4.255372929733807,
  "efc": 0.634161034268706,
  "fber": 1873.0609130859375,
  "fwhm_avg": 4.601563333333333,
  "fwhm_x": 4.60881,
  "fwhm_y": 4.73458,
  "fwhm_z": 4.4613,
  "icvs_csf": 0.24653226951904075,
  "icvs_gm": 0.3979860978421042,
  "icvs_wm": 0.355481632638855,
  "inu_med": 0.9288622140884399,
  "inu_range": 0.36389740705490115,
  "provenance": {
    "md5sum": "370dc3d1d68339682c823c9080962628",
    "mriqc_pred": 0,
    "settings": {
      "testing": false
    },
    "software": "mriqc",
    "version": "0.9.6",
    "warnings": {
      "large_rot_frame": true,
      "small_air_mask": false
    }
  },
  "qi_1": 0.0,
  "qi_2": 0.018130316348648905,
  "rpve_csf": 23.16130475937756,
  "rpve_gm": 14.03898518367194,
  "rpve_wm": 19.145449166587667,
  "size_x": 256,
  "size_y": 256,
  "size_z": 180,
  "snr_csf": 2.929636026668649,
  "snr_gm": 10.48586276503164,
  "snr_total": 11.620309598789492,
  "snr_wm": 21.445430004668186,
  "snrd_csf": 37.3456502016937,
  "snrd_gm": 75.01023248534294,
  "snrd_total": 75.1376723693787,
  "snrd_wm": 113.05713442109946,
  "spacing_x": 1.0,
  "spacing_y": 1.0,
  "spacing_z": 1.0,
  "summary_bg_k": 3124.3863720387826,
  "summary_bg_mad": 5.794742107391357,
  "summary_bg_mean": 13.79964542388916,
  "summary_bg_median": 12.105545997619629,
  "summary_bg_n": 1907821.0,
  "summary_bg_p05": 5.32834529876709,
  "summary_bg_p95": 27.29027557373047,
  "summary_bg_stdv": 8.750869750976562,
  "summary_csf_k": -0.9109776812885748,
  "summary_csf_mad": 136.11517333984375,
  "summary_csf_mean": 324.75048828125,
  "summary_csf_median": 330.32574462890625,
  "summary_csf_n": 25280.0,
  "summary_csf_p05": 147.76488723754883,
  "summary_csf_p95": 499.3032028198242,
  "summary_csf_stdv": 112.75093841552734,
  "summary_gm_k": 0.26558609855281645,
  "summary_gm_mad": 60.80107879638672,
  "summary_gm_mean": 662.3428344726562,
  "summary_gm_median": 663.4724731445312,
  "summary_gm_n": 15640.0,
  "summary_gm_p05": 555.3881317138672,
  "summary_gm_p95": 764.4608825683592,
  "summary_gm_stdv": 63.27102279663086,
  "summary_wm_k": 1.0389499464755332,
  "summary_wm_mad": 41.302650451660156,
  "summary_wm_mean": 997.3215942382812,
  "summary_wm_median": 1000.0008544921875,
  "summary_wm_n": 195506.0,
  "summary_wm_p05": 914.5176086425781,
  "summary_wm_p95": 1068.6591796875,
  "summary_wm_stdv": 46.62990188598633,
  "tpm_overlap_csf": 0.22133302688598633,
  "tpm_overlap_gm": 0.4960096478462219,
  "tpm_overlap_wm": 0.568586528301239,
  "wm2max": 0.642692232650296
}