{
  "bids_meta": {
    "modality": "T1w",
    "session_id": "1",
    "subject_id": "tbi09"
  },
  "cjv": 0.3906700202922423,
  "cnr": 3.3929956645990638,
  "efc": 0.5444138316664523,
  "fber": 2571.876953125,
  "fwhm_avg": 3.161656666666667,
  "fwhm_x": 3.16521,
  "fwhm_y": 3.33867,
  "fwhm_z": 2.98109,
  "icvs_csf": 0.20368000443805379,
  "icvs_gm": 0.41601968143032764,
  "icvs_wm": 0.3803003141316186,
  "inu_med": 1.1188806295394897,
  "inu_range": 0.3672533512115479,
  "provenance": {
    "md5sum": "c3e6243dc6e2dfed94a25963e5d5743f",
    "mriqc_pred": 0,
    "settings": {
      "testing": false
    },
    "software": "mriqc",
    "version": "0.9.6",
    "warnings": {
      "large_rot_frame": true,
      "small_air_mask": false
    }
  },
  "qi_1": 0.0,
  "qi_2": 0.02207937851196799,
  "rpve_csf": 25.941469740993377,
  "rpve_gm": 13.348218334597293,
  "rpve_wm": 17.96246214133442,
  "size_x": 160,
  "size_y": 256,
  "size_z": 256,
  "snr_csf": 3.8808776753947005,
  "snr_gm": 8.73528151528147,
  "snr_total": 9.882656935235095,
  "snr_wm": 17.031811615029113,
  "snrd_csf": 32.49495185229868,
  "snrd_gm": 54.77659889499294,
  "snrd_total": 56.345899284545716,
  "snrd_wm": 81.76614710634554,
  "spacing_x": 1.0,
  "spacing_y": 1.0,
  "spacing_z": 1.0,
  "summary_bg_k": 2307.023042007106,
  "summary_bg_mad": 8.012187004089355,
  "summary_bg_mean": 12.614413261413574,
  "summary_bg_median": 10.835153579711914,
  "summary_bg_n": 2916365.0,
  "summary_bg_p05": 0.0,
  "summary_bg_p95": 31.109629440307607,
  "summary_bg_stdv": 11.656614303588867,
  "summary_csf_k": 0.7775048776373521,
  "summary_csf_mad": 90.1380386352539,
  "summary_csf_mean": 390.9148254394531,
  "summary_csf_median": 397.4067687988281,
  "summary_csf_n": 4033.0,
  "summary_csf_p05": 204.74781494140626,
  "summary_csf_p95": 548.9987792968748,
  "summary_csf_stdv": 102.38856506347656,
  "summary_gm_k": 0.14607747056045728,
  "summary_gm_mad": 72.84355926513672,
  "summary_gm_mean": 669.8845825195312,
  "summary_gm_median": 669.9068603515625,
  "summary_gm_n": 9638.0,
  "summary_gm_p05": 540.8584564208984,
  "summary_gm_p95": 799.4754486083984,
  "summary_gm_stdv": 76.68580627441406,
  "summary_wm_k": 0.46433074586263867,
  "summary_wm_mad": 56.1075439453125,
  "summary_wm_mean": 997.7911376953125,
  "summary_wm_median": 999.983642578125,
  "summary_wm_n": 183320.0,
  "summary_wm_p05": 897.7728424072266,
  "summary_wm_p95": 1089.8786926269531,
  "summary_wm_stdv": 58.71253967285156,
  "tpm_overlap_csf": 0.18932753801345825,
  "tpm_overlap_gm": 0.4949285686016083,
  "tpm_overlap_wm": 0.5661182999610901,
  "wm2max": 0.5018083157687363
}