{
  "bids_meta": {
    "modality": "T1w",
    "session_id": "3",
    "subject_id": "tbi05"
  },
  "cjv": 0.44593347469770295,
  "cnr": 3.0020248822189597,
  "efc": 0.6911211607768982,
  "fber": 1393.283935546875,
  "fwhm_avg": 3.1411033333333336,
  "fwhm_x": 3.15337,
  "fwhm_y": 3.35366,
  "fwhm_z": 2.91628,
  "icvs_csf": 0.18619526278566315,
  "icvs_gm": 0.43339574819701626,
  "icvs_wm": 0.38040898901732056,
  "inu_med": 1.0539708137512207,
  "inu_range": 0.40795222520828267,
  "provenance": {
    "md5sum": "3d027584d2768b1a8f2acb575001fa87",
    "mriqc_pred": 0,
    "settings": {
      "testing": false
    },
    "software": "mriqc",
    "version": "0.9.6",
    "warnings": {
      "large_rot_frame": true,
      "small_air_mask": false
    }
  },
  "qi_1": 0.0,
  "qi_2": 0.009743091368308743,
  "rpve_csf": 13.214814651400502,
  "rpve_gm": 6.124561399464227,
  "rpve_wm": 8.258897440453941,
  "size_x": 160,
  "size_y": 206,
  "size_z": 166,
  "snr_csf": 3.3145109733266716,
  "snr_gm": 8.502078552629108,
  "snr_total": 9.465937638424416,
  "snr_wm": 16.58122338931747,
  "snrd_csf": 26.633905241874967,
  "snrd_gm": 42.034861422587376,
  "snrd_total": 43.12405803376517,
  "snrd_wm": 60.70340743683317,
  "spacing_x": 1.0,
  "spacing_y": 1.0,
  "spacing_z": 1.0,
  "summary_bg_k": 1617.144162862228,
  "summary_bg_mad": 10.79255485534668,
  "summary_bg_mean": 17.163114547729492,
  "summary_bg_median": 15.038033485412598,
  "summary_bg_n": 1061943.0,
  "summary_bg_p05": 2.9531836986541746,
  "summary_bg_p95": 39.803795623779266,
  "summary_bg_stdv": 14.985713005065918,
  "summary_csf_k": 0.33045101935646626,
  "summary_csf_mad": 117.15611267089844,
  "summary_csf_mean": 426.2468566894531,
  "summary_csf_median": 438.7603759765625,
  "summary_csf_n": 3710.0,
  "summary_csf_p05": 171.22663421630858,
  "summary_csf_p95": 617.5074371337889,
  "summary_csf_stdv": 132.35775756835938,
  "summary_gm_k": 0.1019845359397844,
  "summary_gm_mad": 79.26705169677734,
  "summary_gm_mean": 695.2640380859375,
  "summary_gm_median": 692.471923828125,
  "summary_gm_n": 10416.0,
  "summary_gm_p05": 565.4992980957031,
  "summary_gm_p95": 834.5296936035156,
  "summary_gm_stdv": 81.4434585571289,
  "summary_wm_k": 0.394349159015158,
  "summary_wm_mad": 57.87578201293945,
  "summary_wm_mean": 999.728271484375,
  "summary_wm_median": 1000.012939453125,
  "summary_wm_n": 190610.0,
  "summary_wm_p05": 900.0041442871094,
  "summary_wm_p95": 1097.8053649902345,
  "summary_wm_stdv": 60.3098030090332,
  "tpm_overlap_csf": 0.17670191824436188,
  "tpm_overlap_gm": 0.4883957803249359,
  "tpm_overlap_wm": 0.544118344783783,
  "wm2max": 0.4784116722809261
}