{
  "bids_meta": {
    "modality": "T1w",
    "session_id": "1",
    "subject_id": "tbi03"
  },
  "cjv": 0.4027250626684044,
  "cnr": 3.2044380994973967,
  "efc": 0.6623062912644594,
  "fber": 1382.5848388671875,
  "fwhm_avg": 3.137356666666667,
  "fwhm_x": 3.12018,
  "fwhm_y": 3.35014,
  "fwhm_z": 2.94175,
  "icvs_csf": 0.1983697319911754,
  "icvs_gm": 0.40885604636497264,
  "icvs_wm": 0.39277422164385195,
  "inu_med": 1.0336666107177734,
  "inu_range": 0.32256880998611437,
  "provenance": {
    "md5sum": "aea6ae9da5a247d172a9b4a813e90e0b",
    "mriqc_pred": 0,
    "settings": {
      "testing": false
    },
    "software": "mriqc",
    "version": "0.9.6",
    "warnings": {
      "large_rot_frame": true,
      "small_air_mask": false
    }
  },
  "qi_1": 0.0,
  "qi_2": 0.005422729507766622,
  "rpve_csf": 14.158560378028298,
  "rpve_gm": 7.204676687664897,
  "rpve_wm": 9.40993454312604,
  "size_x": 160,
  "size_y": 193,
  "size_z": 156,
  "snr_csf": 2.2304320991068574,
  "snr_gm": 7.71573726605335,
  "snr_total": 9.40411286938034,
  "snr_wm": 18.266169242980812,
  "snrd_csf": 18.432944958851987,
  "snrd_gm": 42.66436084009619,
  "snrd_total": 41.684689664385104,
  "snrd_wm": 63.95676319420713,
  "spacing_x": 1.0,
  "spacing_y": 1.0,
  "spacing_z": 1.0,
  "summary_bg_k": 1661.4565371538995,
  "summary_bg_mad": 10.243356704711914,
  "summary_bg_mean": 17.816911697387695,
  "summary_bg_median": 14.84429931640625,
  "summary_bg_n": 1074596.0,
  "summary_bg_p05": 2.7229936718940735,
  "summary_bg_p95": 41.30259990692139,
  "summary_bg_stdv": 17.95779037475586,
  "summary_csf_k": 0.26660328440969705,
  "summary_csf_mad": 143.29884338378906,
  "summary_csf_mean": 296.5827941894531,
  "summary_csf_median": 288.20751953125,
  "summary_csf_n": 8207.0,
  "summary_csf_p05": 108.36211013793945,
  "summary_csf_p95": 511.05148010253896,
  "summary_csf_stdv": 129.2081298828125,
  "summary_gm_k": 0.26034551726030974,
  "summary_gm_mad": 81.99150848388672,
  "summary_gm_mean": 668.1591186523438,
  "summary_gm_median": 667.0767822265625,
  "summary_gm_n": 10797.0,
  "summary_gm_p05": 529.0552978515625,
  "summary_gm_p95": 815.9294067382812,
  "summary_gm_stdv": 86.45264434814453,
  "summary_wm_k": 0.5039019142387171,
  "summary_wm_mad": 52.0822868347168,
  "summary_wm_mean": 999.9227294921875,
  "summary_wm_median": 999.9932250976562,
  "summary_wm_n": 168915.0,
  "summary_wm_p05": 910.033123779297,
  "summary_wm_p95": 1088.8886352539062,
  "summary_wm_stdv": 54.7454833984375,
  "tpm_overlap_csf": 0.2236521989107132,
  "tpm_overlap_gm": 0.4873400032520294,
  "tpm_overlap_wm": 0.5507681369781494,
  "wm2max": 0.5177298502390032
}